timestamp,experiment_id,frame_id,motion_percent,num_rois,rois_json
2026-07-23T15:34:36.479Z,camera_0,,3,43.3682,1,"[{""bbox"":[199,86,538,479]}]"
2026-07-23T15:34:38.341Z,camera_0,,10,42.6888,1,"[{""bbox"":[214,82,546,477]}]"
2026-07-23T15:34:39.187Z,camera_0,,20,44.7142,1,"[{""bbox"":[200,80,546,477]}]"
2026-07-23T15:34:42.475Z,camera_0,,30,44.9395,1,"[{""bbox"":[198,78,544,477]}]"
2026-07-23T15:34:45.119Z,camera_0,,40,42.082,1,"[{""bbox"":[212,78,536,477]}]"
2026-07-23T15:34:45.926Z,camera_0,,50,41.6924,1,"[{""bbox"":[209,78,530,477]}]"
2026-07-23T15:34:46.755Z,camera_0,,60,44.2708,1,"[{""bbox"":[193,77,533,477]}]"
2026-07-23T15:34:48.344Z,camera_0,,70,47.6449,1,"[{""bbox"":[171,76,536,477]}]"
2026-07-23T15:34:51.026Z,camera_0,,80,53.1273,1,"[{""bbox"":[147,76,554,477]}]"
2026-07-23T15:34:53.648Z,camera_0,,90,49.8932,1,"[{""bbox"":[155,86,547,477]}]"
2026-07-23T15:34:58.995Z,camera_0,,100,42.6641,1,"[{""bbox"":[186,96,530,477]}]"
2026-07-23T15:35:01.317Z,camera_0,,110,39.0254,1,"[{""bbox"":[204,100,522,477]}]"
2026-07-23T15:35:04.540Z,camera_0,,120,36.6686,1,"[{""bbox"":[215,104,517,477]}]"
2026-07-23T15:35:08.428Z,camera_0,,130,39.7188,1,"[{""bbox"":[195,105,523,477]}]"
2026-07-23T15:35:12.052Z,camera_0,,140,42.1325,1,"[{""bbox"":[183,104,530,477]}]"
2026-07-23T15:35:16.269Z,camera_0,,150,43.8324,1,"[{""bbox"":[226,116,599,477]}]"
2026-07-23T15:35:26.009Z,camera_0,,160,56.5218,1,"[{""bbox"":[172,92,623,477]}]"
2026-07-23T15:35:28.284Z,camera_0,,170,61.5342,1,"[{""bbox"":[150,84,631,477]}]"
2026-07-23T15:35:29.755Z,camera_0,,180,44.3086,1,"[{""bbox"":[236,135,634,477]}]"
2026-07-23T15:35:35.720Z,camera_0,,190,34.7773,1,"[{""bbox"":[288,170,636,477]}]"
2026-07-23T15:35:39.833Z,camera_0,,200,55.9609,1,"[{""bbox"":[181,100,637,477]}]"
2026-07-23T15:35:41.145Z,camera_0,,210,63.4766,1,"[{""bbox"":[137,87,637,477]}]"
2026-07-23T15:35:42.505Z,camera_0,,220,46.458,1,"[{""bbox"":[216,138,637,477]}]"
2026-07-23T15:35:44.552Z,camera_0,,230,39.6309,1,"[{""bbox"":[243,168,637,477]}]"
2026-07-23T15:35:49.113Z,camera_0,,240,48.0863,1,"[{""bbox"":[188,148,637,477]}]"
2026-07-23T15:35:51.639Z,camera_0,,250,49.5846,1,"[{""bbox"":[185,140,637,477]}]"
2026-07-23T15:35:52.430Z,camera_0,,260,41.373,1,"[{""bbox"":[223,170,637,477]}]"
2026-07-23T15:35:55.275Z,camera_0,,270,35.4336,1,"[{""bbox"":[251,195,637,477]}]"
2026-07-23T15:35:57.940Z,camera_0,,280,33.5365,1,"[{""bbox"":[261,203,637,477]}]"
2026-07-23T15:35:58.846Z,camera_0,,290,30.4583,1,"[{""bbox"":[293,205,637,477]}]"
2026-07-23T15:36:01.728Z,camera_0,,300,33.8379,1,"[{""bbox"":[259,202,637,477]}]"
2026-07-23T15:36:04.103Z,camera_0,,310,31.459,1,"[{""bbox"":[283,204,637,477]}]"
2026-07-23T15:36:06.330Z,camera_0,,320,32.2871,1,"[{""bbox"":[271,206,637,477]}]"
2026-07-23T15:36:09.099Z,camera_0,,330,36.2799,1,"[{""bbox"":[263,179,637,477]}]"
2026-07-23T15:36:10.026Z,camera_0,,340,38.5156,1,"[{""bbox"":[240,137,588,477]}]"
2026-07-23T15:36:11.685Z,camera_0,,350,39.6094,1,"[{""bbox"":[229,118,567,478]}]"
2026-07-23T15:36:16.164Z,camera_0,,360,37.7832,1,"[{""bbox"":[233,113,551,478]}]"
2026-07-23T15:36:17.279Z,camera_0,,370,36.6562,1,"[{""bbox"":[236,110,542,478]}]"
2026-07-23T15:36:18.441Z,camera_0,,380,35.915,1,"[{""bbox"":[238,109,537,478]}]"
2026-07-23T15:36:20.929Z,camera_0,,390,35.1693,1,"[{""bbox"":[239,108,531,478]}]"
2026-07-23T15:36:23.520Z,camera_0,,400,35.1436,1,"[{""bbox"":[239,107,530,478]}]"
2026-07-23T15:36:26.286Z,camera_0,,410,42.6562,1,"[{""bbox"":[209,142,599,478]}]"
2026-07-23T15:36:31.107Z,camera_0,,420,41.2435,1,"[{""bbox"":[221,116,571,478]}]"
2026-07-23T15:36:34.405Z,camera_0,,430,39.5186,1,"[{""bbox"":[221,109,550,478]}]"
2026-07-23T15:36:37.435Z,camera_0,,440,36.7559,1,"[{""bbox"":[237,109,543,478]}]"
2026-07-23T15:36:40.441Z,camera_0,,450,40.5781,1,"[{""bbox"":[203,107,539,478]}]"
2026-07-23T15:36:43.850Z,camera_0,,460,37.6797,1,"[{""bbox"":[223,107,535,478]}]"
2026-07-23T15:36:47.196Z,camera_0,,470,34.902,1,"[{""bbox"":[242,107,531,478]}]"
2026-07-23T15:36:48.175Z,camera_0,,480,46.0592,2,"[{""bbox"":[182,135,546,478]},{""bbox"":[44,15,201,121]}]"
2026-07-23T15:36:49.126Z,camera_0,,490,46.5785,2,"[{""bbox"":[145,139,518,478]},{""bbox"":[44,15,201,121]}]"
2026-07-23T15:36:51.309Z,camera_0,,500,47.4294,2,"[{""bbox"":[123,149,514,478]},{""bbox"":[45,9,203,117]}]"
2026-07-23T15:36:53.620Z,camera_0,,510,47.1322,2,"[{""bbox"":[117,156,512,478]},{""bbox"":[46,5,206,115]}]"
2026-07-23T15:36:56.414Z,camera_0,,520,47.0052,2,"[{""bbox"":[112,161,512,478]},{""bbox"":[46,3,206,113]}]"
2026-07-23T15:36:58.449Z,camera_0,,530,46.7917,2,"[{""bbox"":[111,164,511,478]},{""bbox"":[46,1,208,113]}]"
2026-07-23T15:37:00.639Z,camera_0,,540,46.6208,2,"[{""bbox"":[109,166,509,478]},{""bbox"":[46,0,209,113]}]"
2026-07-23T15:37:02.424Z,camera_0,,550,46.6693,2,"[{""bbox"":[107,169,511,478]},{""bbox"":[46,0,210,113]}]"
2026-07-23T15:37:04.688Z,camera_0,,560,47.0368,2,"[{""bbox"":[104,173,517,478]},{""bbox"":[46,0,210,113]}]"
2026-07-23T15:37:06.566Z,camera_0,,570,47.1624,2,"[{""bbox"":[107,175,524,478]},{""bbox"":[46,0,210,113]}]"
2026-07-23T15:37:08.691Z,camera_0,,580,47.557,2,"[{""bbox"":[109,175,530,478]},{""bbox"":[46,0,210,113]}]"
2026-07-23T15:37:10.593Z,camera_0,,590,47.4766,2,"[{""bbox"":[104,175,526,478]},{""bbox"":[47,0,209,111]}]"
2026-07-23T15:37:12.425Z,camera_0,,600,47.7725,2,"[{""bbox"":[101,175,526,478]},{""bbox"":[47,0,209,111]}]"
2026-07-23T15:37:14.494Z,camera_0,,610,47.6738,2,"[{""bbox"":[100,175,524,478]},{""bbox"":[47,0,209,111]}]"
2026-07-23T15:37:18.269Z,camera_0,,620,47.7725,2,"[{""bbox"":[99,175,524,478]},{""bbox"":[47,0,209,111]}]"
2026-07-23T15:37:19.158Z,camera_0,,630,47.6341,2,"[{""bbox"":[99,176,524,478]},{""bbox"":[47,0,209,111]}]"
2026-07-23T15:37:20.074Z,camera_0,,640,47.6341,2,"[{""bbox"":[99,176,524,478]},{""bbox"":[47,0,209,111]}]"
2026-07-23T15:37:21.413Z,camera_0,,650,47.7324,2,"[{""bbox"":[97,176,523,478]},{""bbox"":[47,0,209,111]}]"
2026-07-23T15:37:22.607Z,camera_0,,660,47.7324,2,"[{""bbox"":[97,176,523,478]},{""bbox"":[47,0,209,111]}]"
2026-07-23T15:37:24.188Z,camera_0,,670,41.8789,1,"[{""bbox"":[97,176,523,478]}]"
2026-07-23T15:37:25.617Z,camera_0,,680,47.8105,2,"[{""bbox"":[96,176,523,478]},{""bbox"":[46,0,206,112]}]"
2026-07-23T15:37:27.913Z,camera_0,,690,47.6139,2,"[{""bbox"":[98,176,523,478]},{""bbox"":[46,0,206,112]}]"
2026-07-23T15:37:28.993Z,camera_0,,700,47.6139,2,"[{""bbox"":[97,176,522,478]},{""bbox"":[46,0,206,112]}]"
2026-07-23T15:37:29.992Z,camera_0,,710,47.6963,2,"[{""bbox"":[96,176,522,478]},{""bbox"":[46,0,207,111]}]"
2026-07-23T15:37:31.061Z,camera_0,,720,47.6963,2,"[{""bbox"":[96,176,522,478]},{""bbox"":[46,0,207,111]}]"
2026-07-23T15:37:32.635Z,camera_0,,730,47.6963,2,"[{""bbox"":[95,176,521,478]},{""bbox"":[46,0,207,111]}]"
2026-07-23T15:37:33.495Z,camera_0,,740,47.5358,2,"[{""bbox"":[97,176,521,478]},{""bbox"":[46,0,208,111]}]"
2026-07-23T15:37:36.295Z,camera_0,,750,47.5719,2,"[{""bbox"":[99,176,523,478]},{""bbox"":[46,0,209,111]}]"
2026-07-23T15:37:37.185Z,camera_0,,760,47.2637,2,"[{""bbox"":[99,177,522,478]},{""bbox"":[46,0,207,111]}]"
2026-07-23T15:37:38.062Z,camera_0,,770,47.1657,2,"[{""bbox"":[100,177,522,478]},{""bbox"":[46,0,207,111]}]"
2026-07-23T15:37:38.921Z,camera_0,,780,47.5576,2,"[{""bbox"":[98,177,524,478]},{""bbox"":[46,0,207,111]}]"
2026-07-23T15:37:39.887Z,camera_0,,790,47.3617,2,"[{""bbox"":[98,177,522,478]},{""bbox"":[46,0,207,111]}]"
2026-07-23T15:37:41.100Z,camera_0,,800,41.6423,1,"[{""bbox"":[97,177,522,478]}]"
2026-07-23T15:37:42.033Z,camera_0,,810,41.6423,1,"[{""bbox"":[97,177,522,478]}]"
2026-07-23T15:37:43.601Z,camera_0,,820,41.5443,1,"[{""bbox"":[98,177,522,478]}]"
2026-07-23T15:37:44.470Z,camera_0,,830,47.4072,2,"[{""bbox"":[97,177,522,478]},{""bbox"":[47,0,208,110]}]"
2026-07-23T15:37:45.461Z,camera_0,,840,47.4072,2,"[{""bbox"":[97,177,522,478]},{""bbox"":[47,0,208,110]}]"
2026-07-23T15:37:46.520Z,camera_0,,850,47.3092,2,"[{""bbox"":[98,177,522,478]},{""bbox"":[47,0,208,110]}]"
2026-07-23T15:37:47.384Z,camera_0,,860,47.5052,2,"[{""bbox"":[96,177,522,478]},{""bbox"":[47,0,208,110]}]"
2026-07-23T15:37:48.261Z,camera_0,,870,41.9362,1,"[{""bbox"":[94,177,522,478]}]"
2026-07-23T15:37:49.145Z,camera_0,,880,41.8382,1,"[{""bbox"":[95,177,522,478]}]"
2026-07-23T15:37:50.000Z,camera_0,,890,41.7402,1,"[{""bbox"":[96,177,522,478]}]"
2026-07-23T15:37:51.942Z,camera_0,,900,42.5332,1,"[{""bbox"":[97,172,524,478]}]"
2026-07-23T15:37:57.591Z,camera_0,,910,52.6888,3,"[{""bbox"":[121,164,525,478]},{""bbox"":[47,0,211,114]},{""bbox"":[0,328,108,479]}]"
2026-07-23T15:38:00.347Z,camera_0,,920,50.7236,3,"[{""bbox"":[133,169,524,478]},{""bbox"":[47,0,211,114]},{""bbox"":[0,328,108,479]}]"
2026-07-23T15:38:02.233Z,camera_0,,930,49.2406,3,"[{""bbox"":[141,173,524,478]},{""bbox"":[47,0,209,112]},{""bbox"":[0,328,108,479]}]"
2026-07-23T15:38:04.396Z,camera_0,,940,48.498,3,"[{""bbox"":[145,175,523,478]},{""bbox"":[47,0,209,112]},{""bbox"":[0,328,108,479]}]"
2026-07-23T15:38:10.088Z,camera_0,,950,42.9681,2,"[{""bbox"":[148,176,525,478]},{""bbox"":[47,0,209,112]}]"
2026-07-23T15:38:13.121Z,camera_0,,960,45.5889,2,"[{""bbox"":[125,177,530,478]},{""bbox"":[47,0,209,112]}]"
2026-07-23T15:38:18.787Z,camera_0,,970,40.918,1,"[{""bbox"":[114,178,533,478]}]"
2026-07-23T15:38:20.484Z,camera_0,,980,41.5039,1,"[{""bbox"":[109,178,534,478]}]"
2026-07-23T15:38:21.877Z,camera_0,,990,41.9922,1,"[{""bbox"":[103,178,533,478]}]"
2026-07-23T15:38:22.787Z,camera_0,,1000,42.2852,1,"[{""bbox"":[100,178,533,478]}]"
2026-07-23T15:38:24.068Z,camera_0,,1010,42.2852,1,"[{""bbox"":[98,178,531,478]}]"
2026-07-23T15:38:25.668Z,camera_0,,1020,42.2852,1,"[{""bbox"":[98,178,531,478]}]"
2026-07-23T15:38:27.688Z,camera_0,,1030,42.1875,1,"[{""bbox"":[99,178,531,478]}]"
2026-07-23T15:38:29.690Z,camera_0,,1040,41.9495,1,"[{""bbox"":[100,179,531,478]}]"
2026-07-23T15:38:31.201Z,camera_0,,1050,41.9495,1,"[{""bbox"":[99,179,530,478]}]"
2026-07-23T15:38:32.045Z,camera_0,,1060,42.2415,1,"[{""bbox"":[97,179,531,478]}]"
2026-07-23T15:38:33.586Z,camera_0,,1070,48.306,2,"[{""bbox"":[96,179,532,478]},{""bbox"":[47,0,208,112]}]"
2026-07-23T15:38:34.699Z,camera_0,,1080,48.5615,2,"[{""bbox"":[97,179,536,478]},{""bbox"":[47,0,207,112]}]"
2026-07-23T15:38:35.674Z,camera_0,,1090,48.0612,2,"[{""bbox"":[99,191,551,478]},{""bbox"":[47,0,207,112]}]"
2026-07-23T15:38:36.769Z,camera_0,,1100,45.5003,2,"[{""bbox"":[132,209,585,478]},{""bbox"":[47,0,207,112]}]"
2026-07-23T15:38:37.890Z,camera_0,,1110,43.3962,2,"[{""bbox"":[157,221,606,478]},{""bbox"":[47,0,207,112]}]"
2026-07-23T15:38:38.849Z,camera_0,,1120,42.0026,2,"[{""bbox"":[175,228,619,478]},{""bbox"":[47,0,208,112]}]"
2026-07-23T15:38:39.893Z,camera_0,,1130,41.4655,2,"[{""bbox"":[177,235,627,478]},{""bbox"":[47,0,208,112]}]"
2026-07-23T15:38:41.751Z,camera_0,,1140,40.7135,2,"[{""bbox"":[185,238,631,478]},{""bbox"":[47,0,208,112]}]"
2026-07-23T15:38:42.690Z,camera_0,,1150,40.4128,2,"[{""bbox"":[190,239,634,478]},{""bbox"":[47,0,208,112]}]"
2026-07-23T15:38:43.833Z,camera_0,,1160,34.1768,1,"[{""bbox"":[193,241,636,478]}]"
2026-07-23T15:38:45.257Z,camera_0,,1170,33.8118,1,"[{""bbox"":[195,243,637,478]}]"
2026-07-23T15:38:46.249Z,camera_0,,1180,33.9792,1,"[{""bbox"":[189,245,637,478]}]"
2026-07-23T15:38:47.410Z,camera_0,,1190,33.8379,1,"[{""bbox"":[187,247,637,478]}]"
2026-07-23T15:38:48.470Z,camera_0,,1200,33.8411,1,"[{""bbox"":[185,248,637,478]}]"
2026-07-23T15:38:49.302Z,camera_0,,1210,33.8411,1,"[{""bbox"":[185,248,637,478]}]"
2026-07-23T15:38:50.992Z,camera_0,,1220,34.6396,1,"[{""bbox"":[181,241,630,478]}]"
2026-07-23T15:38:52.317Z,camera_0,,1230,38.3174,1,"[{""bbox"":[133,217,584,478]}]"
2026-07-23T15:38:53.155Z,camera_0,,1240,40.1042,1,"[{""bbox"":[110,203,558,478]}]"
2026-07-23T15:38:55.826Z,camera_0,,1250,46.791,2,"[{""bbox"":[99,194,542,478]},{""bbox"":[46,0,209,110]}]"
2026-07-23T15:38:57.903Z,camera_0,,1260,47.3239,2,"[{""bbox"":[93,189,534,478]},{""bbox"":[46,0,209,110]}]"
2026-07-23T15:38:59.148Z,camera_0,,1270,47.8027,2,"[{""bbox"":[89,185,529,478]},{""bbox"":[46,0,209,110]}]"
2026-07-23T15:39:00.315Z,camera_0,,1280,50.6413,2,"[{""bbox"":[83,182,548,478]},{""bbox"":[46,0,209,110]}]"
2026-07-23T15:39:01.761Z,camera_0,,1290,46.5625,1,"[{""bbox"":[82,180,562,478]}]"
2026-07-23T15:39:02.766Z,camera_0,,1300,47.4001,1,"[{""bbox"":[82,179,569,478]}]"
2026-07-23T15:39:04.473Z,camera_0,,1310,47.984,1,"[{""bbox"":[81,179,574,478]}]"
2026-07-23T15:39:05.699Z,camera_0,,1320,48.3734,1,"[{""bbox"":[79,179,576,478]}]"
2026-07-23T15:39:06.663Z,camera_0,,1330,47.4974,1,"[{""bbox"":[91,179,579,478]}]"
2026-07-23T15:39:09.492Z,camera_0,,1340,47.0703,1,"[{""bbox"":[97,178,579,478]}]"
2026-07-23T15:39:10.360Z,camera_0,,1350,47.168,1,"[{""bbox"":[98,178,581,478]}]"
2026-07-23T15:39:11.275Z,camera_0,,1360,46.875,1,"[{""bbox"":[100,178,580,478]}]"
2026-07-23T15:39:14.389Z,camera_0,,1370,48.6999,2,"[{""bbox"":[92,180,580,478]},{""bbox"":[7,0,89,51]}]"
2026-07-23T15:39:15.362Z,camera_0,,1380,48.2962,2,"[{""bbox"":[106,182,592,478]},{""bbox"":[14,0,96,55]}]"
2026-07-23T15:39:16.783Z,camera_0,,1390,53.4785,3,"[{""bbox"":[116,182,598,478]},{""bbox"":[18,0,100,57]},{""bbox"":[68,17,222,127]}]"
2026-07-23T15:39:18.595Z,camera_0,,1400,54.1243,3,"[{""bbox"":[118,181,605,478]},{""bbox"":[19,0,102,56]},{""bbox"":[68,15,221,126]}]"
2026-07-23T15:39:20.698Z,camera_0,,1410,53.6927,3,"[{""bbox"":[122,181,605,478]},{""bbox"":[21,0,103,55]},{""bbox"":[68,13,221,124]}]"
2026-07-23T15:39:21.659Z,camera_0,,1420,53.8499,3,"[{""bbox"":[124,180,607,478]},{""bbox"":[21,0,103,55]},{""bbox"":[68,13,221,124]}]"
2026-07-23T15:39:23.784Z,camera_0,,1430,54.141,3,"[{""bbox"":[122,180,608,478]},{""bbox"":[21,0,103,55]},{""bbox"":[68,13,221,124]}]"
2026-07-23T15:39:26.089Z,camera_0,,1440,54.141,3,"[{""bbox"":[124,180,610,478]},{""bbox"":[21,0,103,55]},{""bbox"":[68,13,221,124]}]"
2026-07-23T15:39:27.167Z,camera_0,,1450,48.4818,2,"[{""bbox"":[125,180,609,478]},{""bbox"":[23,0,107,56]}]"
2026-07-23T15:39:28.736Z,camera_0,,1460,48.3848,2,"[{""bbox"":[128,180,611,478]},{""bbox"":[23,0,107,56]}]"
2026-07-23T15:39:30.487Z,camera_0,,1470,49.2578,2,"[{""bbox"":[120,180,612,478]},{""bbox"":[23,0,107,56]}]"
2026-07-23T15:39:31.322Z,camera_0,,1480,55.0771,3,"[{""bbox"":[117,180,612,478]},{""bbox"":[23,0,107,56]},{""bbox"":[69,13,222,124]}]"
2026-07-23T15:39:33.818Z,camera_0,,1490,54.7764,3,"[{""bbox"":[121,180,613,478]},{""bbox"":[69,13,222,124]},{""bbox"":[25,0,107,57]}]"
2026-07-23T15:39:35.360Z,camera_0,,1500,54.6891,3,"[{""bbox"":[122,180,613,478]},{""bbox"":[68,13,221,124]},{""bbox"":[23,0,107,56]}]"
2026-07-23T15:39:36.226Z,camera_0,,1510,54.5993,3,"[{""bbox"":[123,180,614,478]},{""bbox"":[68,13,221,124]},{""bbox"":[25,0,107,54]}]"
2026-07-23T15:39:37.609Z,camera_0,,1520,71.2536,3,"[{""bbox"":[75,107,607,478]},{""bbox"":[68,13,221,124]},{""bbox"":[23,0,107,54]}]"
2026-07-23T15:39:40.968Z,camera_0,,1530,64.2832,3,"[{""bbox"":[97,135,610,478]},{""bbox"":[68,13,221,124]},{""bbox"":[23,0,107,54]}]"
2026-07-23T15:39:42.471Z,camera_0,,1540,60.249,3,"[{""bbox"":[105,154,610,478]},{""bbox"":[68,13,221,124]},{""bbox"":[23,0,106,54]}]"
2026-07-23T15:39:43.625Z,camera_0,,1550,52.7702,2,"[{""bbox"":[110,164,612,478]},{""bbox"":[23,0,106,54]}]"
2026-07-23T15:39:45.130Z,camera_0,,1560,56.7272,3,"[{""bbox"":[116,171,613,478]},{""bbox"":[23,0,106,54]},{""bbox"":[67,11,222,122]}]"
2026-07-23T15:39:46.179Z,camera_0,,1570,55.6855,3,"[{""bbox"":[120,175,613,478]},{""bbox"":[23,0,106,54]},{""bbox"":[67,11,222,122]}]"
2026-07-23T15:39:47.428Z,camera_0,,1580,54.1995,2,"[{""bbox"":[118,177,614,478]},{""bbox"":[67,11,222,122]}]"
2026-07-23T15:39:48.902Z,camera_0,,1590,53.7793,2,"[{""bbox"":[118,179,613,478]},{""bbox"":[67,11,222,122]}]"
2026-07-23T15:39:50.289Z,camera_0,,1600,48.0814,1,"[{""bbox"":[121,179,615,478]}]"
2026-07-23T15:39:52.733Z,camera_0,,1610,47.9206,1,"[{""bbox"":[121,180,615,478]}]"
2026-07-23T15:39:54.255Z,camera_0,,1620,52.6878,2,"[{""bbox"":[114,182,603,478]},{""bbox"":[50,12,207,121]}]"
2026-07-23T15:39:55.336Z,camera_0,,1630,52.7207,2,"[{""bbox"":[107,183,598,478]},{""bbox"":[50,12,207,121]}]"
2026-07-23T15:39:57.997Z,camera_0,,1640,52.4326,2,"[{""bbox"":[105,183,593,478]},{""bbox"":[50,12,207,121]}]"
2026-07-23T15:39:59.884Z,camera_0,,1650,70.7992,2,"[{""bbox"":[63,109,609,476]},{""bbox"":[50,12,207,121]}]"
2026-07-23T15:40:01.105Z,camera_0,,1660,57.6628,1,"[{""bbox"":[80,137,601,477]}]"
2026-07-23T15:40:03.823Z,camera_0,,1670,53.5,1,"[{""bbox"":[87,156,599,477]}]"
2026-07-23T15:40:04.884Z,camera_0,,1680,50.3936,1,"[{""bbox"":[94,168,595,477]}]"
2026-07-23T15:40:05.910Z,camera_0,,1690,48.9844,1,"[{""bbox"":[97,173,592,477]}]"
2026-07-23T15:40:07.838Z,camera_0,,1700,48.568,1,"[{""bbox"":[99,178,598,477]}]"
2026-07-23T15:40:09.052Z,camera_0,,1710,45.207,1,"[{""bbox"":[61,151,487,477]}]"
2026-07-23T15:40:16.054Z,camera_0,,1720,47.25,1,"[{""bbox"":[72,153,520,477]}]"
2026-07-23T15:40:17.386Z,camera_0,,1730,57.0938,3,"[{""bbox"":[84,147,547,477]},{""bbox"":[50,6,208,120]},{""bbox"":[3,0,93,51]}]"
2026-07-23T15:40:18.303Z,camera_0,,1740,59.0218,3,"[{""bbox"":[86,143,562,477]},{""bbox"":[50,7,207,120]},{""bbox"":[3,0,93,51]}]"
2026-07-23T15:40:19.167Z,camera_0,,1750,56.8701,3,"[{""bbox"":[100,142,555,477]},{""bbox"":[50,7,207,120]},{""bbox"":[3,0,92,51]}]"
2026-07-23T15:40:20.623Z,camera_0,,1760,57.6146,3,"[{""bbox"":[96,145,562,477]},{""bbox"":[50,7,207,120]},{""bbox"":[3,0,92,51]}]"
2026-07-23T15:40:22.080Z,camera_0,,1770,42.0544,3,"[{""bbox"":[185,203,575,477]},{""bbox"":[50,7,207,120]},{""bbox"":[2,0,92,51]}]"
2026-07-23T15:40:29.654Z,camera_0,,1780,42.4961,2,"[{""bbox"":[177,165,581,477]},{""bbox"":[2,0,92,50]}]"
2026-07-23T15:40:30.749Z,camera_0,,1790,54.3467,3,"[{""bbox"":[135,160,592,477]},{""bbox"":[2,0,92,50]},{""bbox"":[50,8,207,120]}]"
2026-07-23T15:40:31.779Z,camera_0,,1800,57.0781,3,"[{""bbox"":[112,161,597,477]},{""bbox"":[2,0,92,50]},{""bbox"":[50,6,207,118]}]"
2026-07-23T15:40:33.758Z,camera_0,,1810,57.5924,3,"[{""bbox"":[101,161,591,477]},{""bbox"":[2,0,92,50]},{""bbox"":[50,6,207,118]}]"
2026-07-23T15:40:35.772Z,camera_0,,1820,58.5182,3,"[{""bbox"":[89,161,588,477]},{""bbox"":[2,0,92,50]},{""bbox"":[50,6,207,118]}]"
2026-07-23T15:40:37.289Z,camera_0,,1830,61.138,2,"[{""bbox"":[81,149,600,477]},{""bbox"":[50,6,207,118]}]"
2026-07-23T15:40:38.359Z,camera_0,,1840,60.319,1,"[{""bbox"":[63,137,608,477]}]"
2026-07-23T15:40:40.424Z,camera_0,,1850,61.4766,1,"[{""bbox"":[63,133,612,477]}]"
2026-07-23T15:40:42.154Z,camera_0,,1860,69.2747,2,"[{""bbox"":[55,129,616,477]},{""bbox"":[50,7,207,119]}]"
2026-07-23T15:40:52.330Z,camera_0,,1880,65.5189,3,"[{""bbox"":[70,145,610,477]},{""bbox"":[50,7,207,119]},{""bbox"":[2,0,92,49]}]"
2026-07-23T15:40:57.425Z,camera_0,,1890,61.9671,3,"[{""bbox"":[85,157,611,477]},{""bbox"":[50,7,207,119]},{""bbox"":[1,0,92,49]}]"
2026-07-23T15:41:04.013Z,camera_0,,1900,59.279,3,"[{""bbox"":[91,168,609,477]},{""bbox"":[50,6,207,118]},{""bbox"":[1,0,92,49]}]"
2026-07-23T15:41:16.597Z,camera_0,,1920,58.9909,3,"[{""bbox"":[81,168,596,477]},{""bbox"":[50,3,209,115]},{""bbox"":[1,0,92,47]}]"
2026-07-23T15:41:21.871Z,camera_0,,1930,58.9212,3,"[{""bbox"":[81,166,592,477]},{""bbox"":[50,3,209,115]},{""bbox"":[1,0,92,47]}]"
2026-07-23T15:41:31.897Z,camera_0,,1940,51.5811,3,"[{""bbox"":[143,144,555,475]},{""bbox"":[50,3,209,115]},{""bbox"":[1,0,92,47]}]"
2026-07-23T15:41:34.193Z,camera_0,,1950,54.7344,1,"[{""bbox"":[127,104,579,476]}]"
2026-07-23T15:41:36.213Z,camera_0,,1960,61.333,1,"[{""bbox"":[119,82,596,477]}]"
2026-07-23T15:41:37.453Z,camera_0,,1970,65.7422,1,"[{""bbox"":[109,69,604,477]}]"
2026-07-23T15:41:39.195Z,camera_0,,1980,69.0928,1,"[{""bbox"":[101,60,610,477]}]"
2026-07-23T15:41:42.072Z,camera_0,,1990,61.2633,1,"[{""bbox"":[111,74,578,477]}]"
2026-07-23T15:41:44.113Z,camera_0,,2000,52.4564,1,"[{""bbox"":[145,83,554,477]}]"
2026-07-23T15:41:46.930Z,camera_0,,2010,48.1211,1,"[{""bbox"":[163,89,544,477]}]"
2026-07-23T15:41:50.348Z,camera_0,,2020,45.5062,1,"[{""bbox"":[153,94,518,477]}]"
2026-07-23T15:41:52.668Z,camera_0,,2030,40.8037,1,"[{""bbox"":[170,96,499,477]}]"
2026-07-23T15:41:55.474Z,camera_0,,2040,38.2454,1,"[{""bbox"":[179,98,489,477]}]"
2026-07-23T15:41:57.982Z,camera_0,,2050,39.9355,1,"[{""bbox"":[169,96,491,477]}]"
2026-07-23T15:42:00.524Z,camera_0,,2060,37.6042,1,"[{""bbox"":[177,97,481,477]}]"
2026-07-23T15:42:02.755Z,camera_0,,2070,39.109,1,"[{""bbox"":[169,98,486,477]}]"
2026-07-23T15:42:05.668Z,camera_0,,2080,40.7865,1,"[{""bbox"":[164,95,492,477]}]"
2026-07-23T15:42:07.911Z,camera_0,,2090,40.4824,1,"[{""bbox"":[161,99,490,477]}]"
2026-07-23T15:42:09.881Z,camera_0,,2100,38.1445,1,"[{""bbox"":[170,99,480,477]}]"
2026-07-23T15:42:12.689Z,camera_0,,2110,37.2832,1,"[{""bbox"":[174,99,477,477]}]"
2026-07-23T15:42:14.812Z,camera_0,,2120,36.5449,1,"[{""bbox"":[177,99,474,477]}]"
2026-07-23T15:42:25.516Z,camera_0,,2130,42.7881,1,"[{""bbox"":[150,96,495,477]}]"
2026-07-23T15:42:29.753Z,camera_0,,2140,43.5586,1,"[{""bbox"":[142,99,496,477]}]"
2026-07-23T15:42:31.004Z,camera_0,,2150,39.8672,1,"[{""bbox"":[157,99,481,477]}]"
2026-07-23T15:42:32.733Z,camera_0,,2160,40.498,1,"[{""bbox"":[151,100,481,477]}]"
2026-07-23T15:42:35.255Z,camera_0,,2170,37.9209,1,"[{""bbox"":[163,100,472,477]}]"
2026-07-23T15:42:44.410Z,camera_0,,2181,36.9391,1,"[{""bbox"":[178,100,479,477]}]"
2026-07-23T15:42:49.007Z,camera_0,,2184,35.9574,1,"[{""bbox"":[180,100,473,477]}]"
2026-07-23T15:42:49.846Z,camera_0,,2187,44.2178,1,"[{""bbox"":[192,126,579,477]}]"
2026-07-23T15:42:50.746Z,camera_0,,2190,44.2178,1,"[{""bbox"":[192,126,579,477]}]"
2026-07-23T15:42:52.262Z,camera_0,,2200,44.2178,1,"[{""bbox"":[192,126,579,477]}]"
2026-07-23T15:42:59.513Z,camera_0,,2211,63.7559,1,"[{""bbox"":[115,75,601,478]}]"
2026-07-23T15:43:01.754Z,camera_0,,2220,63.7559,1,"[{""bbox"":[115,75,601,478]}]"
2026-07-23T15:43:03.163Z,camera_0,,2230,63.7559,1,"[{""bbox"":[115,75,601,478]}]"
2026-07-23T15:43:05.231Z,camera_0,,2240,63.7559,1,"[{""bbox"":[115,75,601,478]}]"
2026-07-23T15:43:08.610Z,camera_0,,2260,1.0482,1,"[{""bbox"":[136,451,251,479]}]"
2026-07-23T15:43:10.291Z,camera_0,,2270,1.0482,1,"[{""bbox"":[136,451,251,479]}]"
2026-07-23T15:43:12.372Z,camera_0,,2280,1.0482,1,"[{""bbox"":[136,451,251,479]}]"
2026-07-23T15:43:15.145Z,camera_0,,2290,1.0482,1,"[{""bbox"":[136,451,251,479]}]"
2026-07-23T15:43:17.129Z,camera_0,,2300,1.0482,1,"[{""bbox"":[136,451,251,479]}]"
2026-07-23T15:43:18.290Z,camera_0,,2310,1.0482,1,"[{""bbox"":[136,451,251,479]}]"
2026-07-23T15:43:25.539Z,camera_0,,2322,99.2188,1,"[{""bbox"":[2,0,637,480]}]"
2026-07-23T15:43:26.615Z,camera_0,,2325,100,2,"[{""bbox"":[2,0,637,480]},{""bbox"":[135,452,252,479]}]"
2026-07-23T15:43:28.729Z,camera_0,,2330,100,2,"[{""bbox"":[2,0,637,480]},{""bbox"":[135,452,252,479]}]"
2026-07-23T15:43:29.879Z,camera_0,,2340,100,2,"[{""bbox"":[2,0,637,480]},{""bbox"":[134,452,251,479]}]"
2026-07-23T15:43:31.471Z,camera_0,,2350,100,2,"[{""bbox"":[2,0,637,480]},{""bbox"":[134,452,251,479]}]"
2026-07-23T15:43:37.194Z,camera_0,,2358,1.0283,1,"[{""bbox"":[134,452,251,479]}]"
2026-07-23T15:43:38.840Z,camera_0,,2361,1.0283,1,"[{""bbox"":[134,452,251,479]}]"
2026-07-23T15:43:40.864Z,camera_0,,2370,1.0283,1,"[{""bbox"":[134,452,251,479]}]"
2026-07-23T15:43:42.025Z,camera_0,,2380,1.0755,1,"[{""bbox"":[125,451,243,479]}]"
2026-07-23T15:43:43.585Z,camera_0,,2390,1.0755,1,"[{""bbox"":[125,451,243,479]}]"
2026-07-23T15:43:45.002Z,camera_0,,2400,1.0846,1,"[{""bbox"":[121,451,240,479]}]"
2026-07-23T15:43:47.129Z,camera_0,,2410,1.0846,1,"[{""bbox"":[121,451,240,479]}]"
2026-07-23T15:43:48.299Z,camera_0,,2420,1.0664,1,"[{""bbox"":[125,451,242,479]}]"
2026-07-23T15:43:50.571Z,camera_0,,2430,1.0664,1,"[{""bbox"":[131,451,248,479]}]"
2026-07-23T15:43:52.619Z,camera_0,,2440,1.0664,1,"[{""bbox"":[131,451,248,479]}]"
2026-07-23T15:43:54.029Z,camera_0,,2450,1.0664,1,"[{""bbox"":[131,451,248,479]}]"
2026-07-23T15:43:55.227Z,camera_0,,2460,1.0664,1,"[{""bbox"":[131,451,248,479]}]"
2026-07-23T15:43:57.655Z,camera_0,,2470,0.9564,1,"[{""bbox"":[144,453,257,479]}]"
2026-07-23T15:44:04.362Z,camera_0,,2481,100,2,"[{""bbox"":[144,453,257,479]},{""bbox"":[2,0,636,480]}]"
2026-07-23T15:44:05.159Z,camera_0,,2484,100,2,"[{""bbox"":[144,453,257,479]},{""bbox"":[2,0,636,480]}]"
2026-07-23T15:44:05.883Z,camera_0,,2487,100,2,"[{""bbox"":[144,453,256,479]},{""bbox"":[2,0,636,480]}]"
2026-07-23T15:44:06.424Z,camera_0,,2490,100,2,"[{""bbox"":[144,453,256,479]},{""bbox"":[2,0,636,480]}]"
2026-07-23T15:44:08.089Z,camera_0,,2500,100,2,"[{""bbox"":[144,453,256,479]},{""bbox"":[2,0,636,480]}]"
2026-07-23T15:44:09.626Z,camera_0,,2510,100,2,"[{""bbox"":[144,453,256,479]},{""bbox"":[2,0,636,480]}]"
2026-07-23T15:44:11.223Z,camera_0,,2520,100,2,"[{""bbox"":[144,453,256,479]},{""bbox"":[2,0,636,480]}]"
2026-07-23T15:44:13.384Z,camera_0,,2530,99.0625,1,"[{""bbox"":[2,0,636,480]}]"
2026-07-23T15:44:25.494Z,camera_0,,2550,99.2188,1,"[{""bbox"":[2,0,637,480]}]"
2026-07-23T15:44:27.209Z,camera_0,,2560,99.2188,1,"[{""bbox"":[2,0,637,480]}]"
2026-07-23T15:44:29.027Z,camera_0,,2570,99.2188,1,"[{""bbox"":[2,0,637,480]}]"
2026-07-23T15:44:30.249Z,camera_0,,2580,99.2188,1,"[{""bbox"":[2,0,637,480]}]"
2026-07-23T15:45:05.607Z,camera_0,,2700,99.0625,1,"[{""bbox"":[2,0,636,480]}]"
2026-07-23T15:45:07.930Z,camera_0,,2710,98.9062,1,"[{""bbox"":[2,0,635,480]}]"
2026-07-23T15:45:09.386Z,camera_0,,2720,98.9062,1,"[{""bbox"":[2,0,635,480]}]"
2026-07-23T15:45:10.737Z,camera_0,,2730,98.9062,1,"[{""bbox"":[2,0,635,480]}]"
2026-07-23T15:45:13.182Z,camera_0,,2740,98.9062,1,"[{""bbox"":[2,0,635,480]}]"
2026-07-23T15:45:22.098Z,camera_0,,2750,38.5729,1,"[{""bbox"":[70,157,438,479]}]"
2026-07-23T15:45:27.804Z,camera_0,,2760,59.9355,1,"[{""bbox"":[38,93,515,479]}]"
2026-07-23T15:45:29.117Z,camera_0,,2763,68.6992,1,"[{""bbox"":[26,70,542,479]}]"
2026-07-23T15:45:31.565Z,camera_0,,2770,68.6992,1,"[{""bbox"":[26,70,542,479]}]"
2026-07-23T15:45:32.904Z,camera_0,,2780,68.6992,1,"[{""bbox"":[26,70,542,479]}]"
2026-07-23T15:45:34.802Z,camera_0,,2790,68.6992,1,"[{""bbox"":[26,70,542,479]}]"
2026-07-23T15:46:03.116Z,camera_0,,2870,99.2188,1,"[{""bbox"":[3,0,638,480]}]"
2026-07-23T15:46:04.561Z,camera_0,,2880,99.2188,1,"[{""bbox"":[3,0,638,480]}]"
2026-07-23T15:46:06.282Z,camera_0,,2890,99.2188,1,"[{""bbox"":[3,0,638,480]}]"
2026-07-23T15:46:17.675Z,camera_0,,2910,13.2656,1,"[{""bbox"":[135,335,418,479]}]"
2026-07-23T15:46:26.944Z,camera_0,,2922,35.224,2,"[{""bbox"":[135,335,418,479]},{""bbox"":[0,206,248,478]}]"
2026-07-23T15:46:30.133Z,camera_0,,2930,35.224,2,"[{""bbox"":[135,335,418,479]},{""bbox"":[0,206,248,478]}]"
2026-07-23T15:46:34.856Z,camera_0,,2940,38.1341,2,"[{""bbox"":[135,335,418,479]},{""bbox"":[0,194,269,478]}]"
2026-07-23T15:46:41.588Z,camera_0,,2946,31.9141,1,"[{""bbox"":[0,193,344,478]}]"
2026-07-23T15:46:46.135Z,camera_0,,2950,53.4987,1,"[{""bbox"":[7,116,461,478]}]"
2026-07-23T15:46:50.784Z,camera_0,,2960,41.7279,1,"[{""bbox"":[2,186,441,478]}]"
2026-07-23T15:46:54.421Z,camera_0,,2970,41.7279,1,"[{""bbox"":[2,186,441,478]}]"
2026-07-23T15:46:57.846Z,camera_0,,2980,41.7279,1,"[{""bbox"":[2,186,441,478]}]"
2026-07-23T15:47:02.928Z,camera_0,,2990,35.75,1,"[{""bbox"":[1,192,385,478]}]"
2026-07-23T15:47:05.851Z,camera_0,,3000,33.5586,1,"[{""bbox"":[1,194,364,478]}]"
2026-07-23T15:47:08.383Z,camera_0,,3010,32.0352,1,"[{""bbox"":[0,200,354,478]}]"
2026-07-23T15:47:12.466Z,camera_0,,3020,31.2331,1,"[{""bbox"":[56,189,388,478]}]"
2026-07-23T15:47:14.521Z,camera_0,,3030,54.291,1,"[{""bbox"":[20,117,482,478]}]"
2026-07-23T15:47:18.869Z,camera_0,,3033,54.291,1,"[{""bbox"":[20,117,482,478]}]"
2026-07-23T15:47:19.824Z,camera_0,,3036,63.3848,1,"[{""bbox"":[32,87,530,478]}]"
2026-07-23T15:47:33.910Z,camera_0,,3050,49.0365,2,"[{""bbox"":[48,164,463,478]},{""bbox"":[6,0,196,107]}]"
2026-07-23T15:47:36.653Z,camera_0,,3060,55.7585,2,"[{""bbox"":[47,138,491,478]},{""bbox"":[6,0,196,107]}]"
2026-07-23T15:47:38.891Z,camera_0,,3070,68.445,3,"[{""bbox"":[41,97,531,478]},{""bbox"":[6,0,196,107]},{""bbox"":[0,331,23,472]}]"
2026-07-23T15:47:41.213Z,camera_0,,3080,52.5469,3,"[{""bbox"":[70,149,489,478]},{""bbox"":[6,0,196,107]},{""bbox"":[0,331,23,472]}]"
2026-07-23T15:47:45.245Z,camera_0,,3090,49.612,3,"[{""bbox"":[60,163,469,478]},{""bbox"":[6,0,196,107]},{""bbox"":[0,331,23,472]}]"
2026-07-23T15:47:47.042Z,camera_0,,3100,42.6963,3,"[{""bbox"":[80,188,451,478]},{""bbox"":[6,0,196,107]},{""bbox"":[0,331,23,472]}]"
2026-07-23T15:47:55.456Z,camera_0,,3110,40.541,3,"[{""bbox"":[70,187,419,478]},{""bbox"":[0,331,23,472]},{""bbox"":[5,0,193,105]}]"
2026-07-23T15:47:57.258Z,camera_0,,3120,41.2852,2,"[{""bbox"":[64,187,432,478]},{""bbox"":[5,0,193,105]}]"
2026-07-23T15:47:59.005Z,camera_0,,3130,41.3574,2,"[{""bbox"":[49,184,414,478]},{""bbox"":[5,0,193,105]}]"
2026-07-23T15:48:00.904Z,camera_0,,3140,41.3574,2,"[{""bbox"":[49,184,414,478]},{""bbox"":[5,0,193,105]}]"
2026-07-23T15:48:07.459Z,camera_0,,3150,31.6699,1,"[{""bbox"":[77,196,422,478]}]"
2026-07-23T15:48:08.367Z,camera_0,,3153,35.8975,2,"[{""bbox"":[95,203,422,478]},{""bbox"":[5,0,197,106]}]"
2026-07-23T15:48:09.222Z,camera_0,,3156,35.3066,2,"[{""bbox"":[98,211,428,478]},{""bbox"":[5,0,197,106]}]"
2026-07-23T15:48:13.168Z,camera_0,,3159,35.5967,2,"[{""bbox"":[90,217,431,478]},{""bbox"":[5,0,197,106]}]"
2026-07-23T15:48:14.828Z,camera_0,,3162,36.0729,2,"[{""bbox"":[80,221,432,478]},{""bbox"":[5,0,197,106]}]"
2026-07-23T15:48:19.511Z,camera_0,,3165,35.9922,2,"[{""bbox"":[73,226,431,478]},{""bbox"":[5,0,197,106]}]"
2026-07-23T15:48:27.302Z,camera_0,,3170,48.9531,2,"[{""bbox"":[52,177,484,478]},{""bbox"":[5,0,197,106]}]"
2026-07-23T15:48:32.888Z,camera_0,,3180,42.6113,2,"[{""bbox"":[60,203,462,478]},{""bbox"":[5,0,197,106]}]"
2026-07-23T15:48:39.485Z,camera_0,,3192,48.543,2,"[{""bbox"":[48,183,486,477]},{""bbox"":[5,0,197,106]}]"
2026-07-23T15:48:44.296Z,camera_0,,3195,32.9036,1,"[{""bbox"":[48,211,428,477]}]"
2026-07-23T15:48:49.288Z,camera_0,,3200,29.349,1,"[{""bbox"":[48,247,440,477]}]"
2026-07-23T15:48:50.627Z,camera_0,,3205,26.8232,1,"[{""bbox"":[79,250,442,477]}]"
2026-07-23T15:48:57.222Z,camera_0,,3210,25.8984,1,"[{""bbox"":[74,256,434,477]}]"
2026-07-23T15:49:06.790Z,camera_0,,3222,100,2,"[{""bbox"":[83,219,447,477]},{""bbox"":[1,0,636,478]}]"
2026-07-23T15:49:09.698Z,camera_0,,3230,100,2,"[{""bbox"":[90,199,454,477]},{""bbox"":[1,0,636,478]}]"
2026-07-23T15:49:14.884Z,camera_0,,3240,100,2,"[{""bbox"":[94,213,446,477]},{""bbox"":[1,0,636,478]}]"
2026-07-23T15:49:20.223Z,camera_0,,3250,100,2,"[{""bbox"":[91,225,441,477]},{""bbox"":[1,0,636,478]}]"
2026-07-23T15:49:25.304Z,camera_0,,3255,28.7109,1,"[{""bbox"":[91,225,441,477]}]"
2026-07-23T15:49:29.886Z,camera_0,,3260,37.0566,2,"[{""bbox"":[101,204,447,477]},{""bbox"":[5,0,195,102]}]"
2026-07-23T15:49:32.375Z,camera_0,,3270,39.5127,2,"[{""bbox"":[51,196,414,477]},{""bbox"":[5,0,195,102]}]"
2026-07-23T15:49:34.182Z,camera_0,,3280,61.1029,2,"[{""bbox"":[43,116,509,477]},{""bbox"":[5,0,196,102]}]"
2026-07-23T15:49:47.277Z,camera_0,,3295,40.8584,2,"[{""bbox"":[91,183,449,477]},{""bbox"":[4,0,197,105]}]"
2026-07-23T15:49:49.587Z,camera_0,,3300,39.3978,2,"[{""bbox"":[99,188,447,477]},{""bbox"":[4,0,197,106]}]"
2026-07-23T15:50:02.164Z,camera_0,,3312,39.4271,3,"[{""bbox"":[106,194,445,477]},{""bbox"":[4,0,197,106]},{""bbox"":[0,344,35,479]}]"
2026-07-23T15:50:07.038Z,camera_0,,3320,40.7168,3,"[{""bbox"":[94,194,447,477]},{""bbox"":[4,0,197,106]},{""bbox"":[0,344,35,479]}]"
2026-07-23T15:50:10.185Z,camera_0,,3330,40.0374,3,"[{""bbox"":[106,191,448,477]},{""bbox"":[4,0,197,106]},{""bbox"":[0,344,35,479]}]"
2026-07-23T15:50:15.172Z,camera_0,,3340,39.416,3,"[{""bbox"":[112,191,448,477]},{""bbox"":[4,0,197,105]},{""bbox"":[0,344,35,479]}]"
2026-07-23T15:50:20.549Z,camera_0,,3350,37.7848,2,"[{""bbox"":[114,191,449,477]},{""bbox"":[4,0,197,105]}]"
2026-07-23T15:50:28.788Z,camera_0,,3360,60.0068,2,"[{""bbox"":[69,114,521,477]},{""bbox"":[4,0,197,105]}]"
2026-07-23T15:50:30.414Z,camera_0,,3363,60.0068,2,"[{""bbox"":[69,114,521,477]},{""bbox"":[4,0,197,105]}]"
2026-07-23T15:50:39.588Z,camera_0,,3372,33.2803,2,"[{""bbox"":[122,227,449,478]},{""bbox"":[4,0,196,105]}]"
2026-07-23T15:50:45.480Z,camera_0,,3375,35.3932,2,"[{""bbox"":[114,214,451,478]},{""bbox"":[4,0,194,104]}]"
2026-07-23T15:50:49.580Z,camera_0,,3378,59.0322,2,"[{""bbox"":[67,129,530,478]},{""bbox"":[4,0,194,104]}]"
2026-07-23T15:50:50.818Z,camera_0,,3381,44.4538,2,"[{""bbox"":[121,169,499,478]},{""bbox"":[4,0,194,104]}]"
2026-07-23T15:50:54.538Z,camera_0,,3390,32.7021,2,"[{""bbox"":[170,215,475,478]},{""bbox"":[4,0,195,106]}]"
2026-07-23T15:50:57.139Z,camera_0,,3400,30.028,2,"[{""bbox"":[180,228,468,478]},{""bbox"":[4,0,195,106]}]"
2026-07-23T15:50:59.375Z,camera_0,,3410,28.3874,2,"[{""bbox"":[184,238,463,478]},{""bbox"":[4,0,195,106]}]"
2026-07-23T15:51:01.597Z,camera_0,,3420,20.8711,1,"[{""bbox"":[186,244,460,478]}]"
2026-07-23T15:51:03.467Z,camera_0,,3430,20.4785,1,"[{""bbox"":[192,245,462,478]}]"
2026-07-23T15:51:10.051Z,camera_0,,3441,26.3883,3,"[{""bbox"":[192,245,462,478]},{""bbox"":[374,399,494,479]},{""bbox"":[108,420,253,479]}]"
2026-07-23T15:51:12.226Z,camera_0,,3450,26.0703,3,"[{""bbox"":[192,245,462,478]},{""bbox"":[365,403,492,479]},{""bbox"":[85,426,227,479]}]"
2026-07-23T15:51:13.943Z,camera_0,,3460,25.7298,3,"[{""bbox"":[192,245,462,478]},{""bbox"":[365,403,492,479]},{""bbox"":[82,431,217,479]}]"
2026-07-23T15:51:16.457Z,camera_0,,3470,5.2513,2,"[{""bbox"":[365,403,492,479]},{""bbox"":[82,431,217,479]}]"
2026-07-23T15:51:22.292Z,camera_0,,3480,2.1094,1,"[{""bbox"":[82,431,217,479]}]"
2026-07-23T15:51:24.101Z,camera_0,,3490,2.1094,1,"[{""bbox"":[82,431,217,479]}]"
2026-07-23T15:51:41.562Z,camera_0,,3540,97.9688,1,"[{""bbox"":[1,0,628,480]}]"
2026-07-23T15:51:43.121Z,camera_0,,3543,97.9688,1,"[{""bbox"":[1,0,628,480]}]"
2026-07-23T15:51:45.987Z,camera_0,,3550,97.9688,1,"[{""bbox"":[1,0,628,480]}]"
2026-07-23T15:51:48.285Z,camera_0,,3560,97.9688,1,"[{""bbox"":[1,0,628,480]}]"
2026-07-23T15:51:51.233Z,camera_0,,3570,97.9688,1,"[{""bbox"":[1,0,628,480]}]"
2026-07-23T15:52:08.343Z,camera_0,,3620,6.4941,1,"[{""bbox"":[4,0,194,105]}]"
2026-07-23T15:52:11.388Z,camera_0,,3630,6.4941,1,"[{""bbox"":[4,0,194,105]}]"
2026-07-23T15:52:14.435Z,camera_0,,3640,6.4941,1,"[{""bbox"":[4,0,194,105]}]"
2026-07-23T15:52:21.770Z,camera_0,,3650,8.1562,2,"[{""bbox"":[4,0,194,105]},{""bbox"":[369,433,480,479]}]"
2026-07-23T15:52:24.827Z,camera_0,,3660,1.6621,1,"[{""bbox"":[369,433,480,479]}]"
2026-07-23T15:52:27.886Z,camera_0,,3670,8.5729,2,"[{""bbox"":[369,433,480,479]},{""bbox"":[3,0,196,110]}]"
2026-07-23T15:52:32.029Z,camera_0,,3680,8.5729,2,"[{""bbox"":[369,433,480,479]},{""bbox"":[3,0,196,110]}]"
2026-07-23T15:52:39.632Z,camera_0,,3690,6.9108,1,"[{""bbox"":[3,0,196,110]}]"
2026-07-23T15:52:42.026Z,camera_0,,3700,6.9108,1,"[{""bbox"":[3,0,196,110]}]"
2026-07-23T15:53:13.574Z,camera_0,,3801,5.708,1,"[{""bbox"":[401,374,568,479]}]"
2026-07-23T15:53:16.751Z,camera_0,,3810,5.4844,1,"[{""bbox"":[420,371,576,479]}]"
2026-07-23T15:53:19.323Z,camera_0,,3820,5.4844,1,"[{""bbox"":[420,371,576,479]}]"
2026-07-23T15:53:20.789Z,camera_0,,3830,5.4844,1,"[{""bbox"":[420,371,576,479]}]"
2026-07-23T15:55:52.796Z,camera_0,,4340,5.8145,2,"[{""bbox"":[404,388,554,479]},{""bbox"":[49,443,166,479]}]"
2026-07-23T15:55:55.082Z,camera_0,,4350,5.8145,2,"[{""bbox"":[404,388,554,479]},{""bbox"":[49,443,166,479]}]"
2026-07-23T15:55:58.122Z,camera_0,,4360,5.8145,2,"[{""bbox"":[404,388,554,479]},{""bbox"":[49,443,166,479]}]"
2026-07-23T15:56:00.418Z,camera_0,,4370,5.8145,2,"[{""bbox"":[404,388,554,479]},{""bbox"":[49,443,166,479]}]"
2026-07-23T15:56:38.977Z,camera_0,,4482,97.667,1,"[{""bbox"":[3,0,632,477]}]"
2026-07-23T15:56:42.753Z,camera_0,,4490,100,2,"[{""bbox"":[3,0,632,477]},{""bbox"":[3,0,193,108]}]"
2026-07-23T15:56:44.615Z,camera_0,,4500,100,2,"[{""bbox"":[3,0,632,477]},{""bbox"":[3,0,193,108]}]"
2026-07-23T15:56:46.814Z,camera_0,,4510,100,2,"[{""bbox"":[3,0,632,477]},{""bbox"":[3,0,193,108]}]"
2026-07-23T15:56:52.623Z,camera_0,,4518,6.6797,1,"[{""bbox"":[3,0,193,108]}]"
2026-07-23T15:56:53.686Z,camera_0,,4521,6.6797,1,"[{""bbox"":[3,0,193,108]}]"
2026-07-23T15:57:27.270Z,camera_0,,4640,97.9688,1,"[{""bbox"":[1,0,628,480]}]"
2026-07-23T15:57:30.218Z,camera_0,,4650,98.125,1,"[{""bbox"":[1,0,629,480]}]"
2026-07-23T15:57:35.246Z,camera_0,,4660,98.125,1,"[{""bbox"":[1,0,629,480]}]"
2026-07-23T15:57:41.609Z,camera_0,,4671,98.125,1,"[{""bbox"":[1,0,629,480]}]"
2026-07-23T15:57:45.572Z,camera_0,,4680,97.9206,1,"[{""bbox"":[1,0,629,479]}]"
2026-07-23T15:57:49.365Z,camera_0,,4690,97.9206,1,"[{""bbox"":[1,0,629,479]}]"
2026-07-23T15:57:55.259Z,camera_0,,4700,97.9206,1,"[{""bbox"":[1,0,629,479]}]"
2026-07-23T15:57:58.061Z,camera_0,,4710,97.9206,1,"[{""bbox"":[1,0,629,479]}]"
2026-07-23T15:58:25.362Z,camera_0,,4770,98.4375,1,"[{""bbox"":[2,0,632,480]}]"
2026-07-23T15:58:41.689Z,camera_0,,4790,100,2,"[{""bbox"":[2,0,632,480]},{""bbox"":[175,364,403,479]}]"
2026-07-23T15:58:45.388Z,camera_0,,4800,100,2,"[{""bbox"":[2,0,632,480]},{""bbox"":[175,364,403,479]}]"
2026-07-23T15:58:51.074Z,camera_0,,4806,8.5352,1,"[{""bbox"":[175,364,403,479]}]"
2026-07-23T15:58:54.789Z,camera_0,,4810,8.5352,1,"[{""bbox"":[175,364,403,479]}]"
2026-07-23T15:58:59.233Z,camera_0,,4820,49.7044,2,"[{""bbox"":[53,170,483,479]},{""bbox"":[5,0,192,106]}]"
2026-07-23T15:59:02.837Z,camera_0,,4830,48.6377,2,"[{""bbox"":[57,176,484,479]},{""bbox"":[5,0,194,106]}]"
2026-07-23T15:59:06.224Z,camera_0,,4840,47.5951,2,"[{""bbox"":[63,180,485,479]},{""bbox"":[5,0,194,106]}]"
2026-07-23T15:59:13.580Z,camera_0,,4851,41.7754,2,"[{""bbox"":[121,178,482,478]},{""bbox"":[5,0,194,106]}]"
2026-07-23T15:59:16.528Z,camera_0,,4860,42.4785,2,"[{""bbox"":[148,215,568,478]},{""bbox"":[5,0,194,106]}]"
2026-07-23T15:59:31.560Z,camera_0,,4872,32.5739,2,"[{""bbox"":[234,236,589,478]},{""bbox"":[366,147,487,264]}]"
2026-07-23T15:59:35.782Z,camera_0,,4875,36.7998,2,"[{""bbox"":[165,210,534,478]},{""bbox"":[366,147,487,264]}]"
2026-07-23T15:59:37.791Z,camera_0,,4878,46.7773,3,"[{""bbox"":[125,194,512,478]},{""bbox"":[366,147,487,264]},{""bbox"":[5,0,192,105]}]"
2026-07-23T15:59:42.353Z,camera_0,,4890,49.0599,3,"[{""bbox"":[95,182,490,478]},{""bbox"":[366,147,487,264]},{""bbox"":[5,0,192,105]}]"
2026-07-23T15:59:45.582Z,camera_0,,4900,43.0687,3,"[{""bbox"":[145,173,468,478]},{""bbox"":[366,147,487,264]},{""bbox"":[5,0,192,105]}]"
2026-07-23T15:59:47.878Z,camera_0,,4910,36.2432,2,"[{""bbox"":[157,172,456,478]},{""bbox"":[5,0,194,105]}]"
2026-07-23T15:59:53.056Z,camera_0,,4920,39.0173,2,"[{""bbox"":[125,174,454,478]},{""bbox"":[5,0,194,105]}]"
2026-07-23T15:59:56.839Z,camera_0,,4930,42.2197,2,"[{""bbox"":[105,172,464,478]},{""bbox"":[5,0,194,105]}]"
2026-07-23T15:59:59.465Z,camera_0,,4940,43.8779,2,"[{""bbox"":[75,169,447,478]},{""bbox"":[5,0,194,105]}]"
2026-07-23T16:00:02.220Z,camera_0,,4950,39.6849,1,"[{""bbox"":[48,167,440,478]}]"
2026-07-23T16:00:10.353Z,camera_0,,4956,35.0684,1,"[{""bbox"":[120,193,498,478]}]"
2026-07-23T16:00:14.213Z,camera_0,,4960,34.834,1,"[{""bbox"":[160,217,570,478]}]"
2026-07-23T16:00:18.028Z,camera_0,,4970,34.834,1,"[{""bbox"":[160,217,570,478]}]"
2026-07-23T16:00:22.059Z,camera_0,,4980,34.834,1,"[{""bbox"":[160,217,570,478]}]"
2026-07-23T16:00:59.263Z,camera_0,,5040,98.4375,1,"[{""bbox"":[2,0,632,480]}]"
2026-07-23T16:01:02.864Z,camera_0,,5050,98.2812,1,"[{""bbox"":[2,0,631,480]}]"
2026-07-23T16:01:05.211Z,camera_0,,5060,98.2812,1,"[{""bbox"":[2,0,631,480]}]"
2026-07-23T16:01:09.486Z,camera_0,,5070,98.2812,1,"[{""bbox"":[2,0,631,480]}]"
2026-07-23T16:01:12.662Z,camera_0,,5080,98.2812,1,"[{""bbox"":[2,0,631,480]}]"
2026-07-23T16:01:46.869Z,camera_0,,5160,100,2,"[{""bbox"":[355,278,581,479]},{""bbox"":[3,0,614,478]}]"
2026-07-23T16:01:52.625Z,camera_0,,5170,100,2,"[{""bbox"":[355,279,580,479]},{""bbox"":[3,0,614,478]}]"
2026-07-23T16:01:55.305Z,camera_0,,5180,100,2,"[{""bbox"":[355,279,580,479]},{""bbox"":[3,0,614,478]}]"
2026-07-23T16:02:00.673Z,camera_0,,5190,100,3,"[{""bbox"":[355,279,580,479]},{""bbox"":[3,0,614,478]},{""bbox"":[4,0,196,105]}]"
2026-07-23T16:02:11.096Z,camera_0,,5200,100,2,"[{""bbox"":[4,0,196,105]},{""bbox"":[2,0,629,479]}]"
2026-07-23T16:02:13.674Z,camera_0,,5210,100,2,"[{""bbox"":[4,0,196,105]},{""bbox"":[2,0,629,479]}]"
2026-07-23T16:02:16.025Z,camera_0,,5220,100,2,"[{""bbox"":[4,0,196,105]},{""bbox"":[2,0,627,479]}]"
2026-07-23T16:02:18.673Z,camera_0,,5230,97.4528,1,"[{""bbox"":[2,0,627,479]}]"
2026-07-23T16:02:20.820Z,camera_0,,5240,97.4528,1,"[{""bbox"":[2,0,627,479]}]"
2026-07-23T16:02:23.682Z,camera_0,,5250,97.4528,1,"[{""bbox"":[2,0,627,479]}]"
2026-07-23T16:02:35.471Z,camera_0,,5265,98.5938,1,"[{""bbox"":[2,0,633,480]}]"
2026-07-23T16:02:36.664Z,camera_0,,5268,98.5938,1,"[{""bbox"":[2,0,633,480]}]"
2026-07-23T16:02:40.698Z,camera_0,,5271,100,2,"[{""bbox"":[2,0,631,479]},{""bbox"":[4,0,193,103]}]"
2026-07-23T16:02:42.976Z,camera_0,,5274,100,2,"[{""bbox"":[2,0,631,479]},{""bbox"":[4,0,193,103]}]"
2026-07-23T16:02:47.505Z,camera_0,,5280,100,2,"[{""bbox"":[2,0,631,479]},{""bbox"":[4,0,193,103]}]"
2026-07-23T16:02:50.990Z,camera_0,,5290,100,2,"[{""bbox"":[2,0,631,479]},{""bbox"":[4,0,193,103]}]"
2026-07-23T16:02:54.504Z,camera_0,,5300,100,2,"[{""bbox"":[2,0,631,479]},{""bbox"":[4,0,193,103]}]"
2026-07-23T16:03:05.502Z,camera_0,,5313,98.2812,1,"[{""bbox"":[2,0,631,480]}]"
2026-07-23T16:03:09.638Z,camera_0,,5320,98.2812,1,"[{""bbox"":[2,0,631,480]}]"
2026-07-23T16:03:12.162Z,camera_0,,5330,98.2812,1,"[{""bbox"":[2,0,631,480]}]"
2026-07-23T16:03:20.959Z,camera_0,,5340,100,2,"[{""bbox"":[2,0,631,480]},{""bbox"":[301,317,505,479]}]"
2026-07-23T16:03:25.796Z,camera_0,,5350,10.625,1,"[{""bbox"":[307,319,511,479]}]"
2026-07-23T16:03:30.978Z,camera_0,,5360,10.4922,1,"[{""bbox"":[310,321,514,479]}]"
2026-07-23T16:03:35.360Z,camera_0,,5370,10.4258,1,"[{""bbox"":[313,322,517,479]}]"
2026-07-23T16:03:40.073Z,camera_0,,5380,10.293,1,"[{""bbox"":[315,324,519,479]}]"
2026-07-23T16:03:45.217Z,camera_0,,5390,10.2767,1,"[{""bbox"":[315,325,520,479]}]"
2026-07-23T16:03:53.983Z,camera_0,,5400,10.1602,1,"[{""bbox"":[319,326,523,479]}]"
2026-07-23T16:03:55.932Z,camera_0,,5405,10.0443,1,"[{""bbox"":[323,327,526,479]}]"
2026-07-23T16:03:59.542Z,camera_0,,5410,10.0443,1,"[{""bbox"":[325,327,528,479]}]"
2026-07-23T16:04:05.545Z,camera_0,,5420,9.8633,1,"[{""bbox"":[326,329,528,479]}]"
2026-07-23T16:04:11.957Z,camera_0,,5430,12.6302,1,"[{""bbox"":[336,277,530,477]}]"
2026-07-23T16:04:17.349Z,camera_0,,5440,12.6302,1,"[{""bbox"":[336,277,530,477]}]"
2026-07-23T16:04:23.148Z,camera_0,,5450,12.6302,1,"[{""bbox"":[336,277,530,477]}]"
2026-07-23T16:04:27.182Z,camera_0,,5460,12.6302,1,"[{""bbox"":[336,277,530,477]}]"
2026-07-23T16:05:26.739Z,camera_0,,5652,65.0495,2,"[{""bbox"":[218,300,606,479]},{""bbox"":[30,161,440,479]}]"
2026-07-23T16:05:30.810Z,camera_0,,5660,65.0495,2,"[{""bbox"":[218,300,606,479]},{""bbox"":[30,161,440,479]}]"
2026-07-23T16:05:34.874Z,camera_0,,5670,65.0495,2,"[{""bbox"":[218,300,606,479]},{""bbox"":[30,161,440,479]}]"
2026-07-23T16:05:39.905Z,camera_0,,5680,65.0495,2,"[{""bbox"":[218,300,606,479]},{""bbox"":[30,161,440,479]}]"
2026-07-23T16:06:16.502Z,camera_0,,5745,9.9017,1,"[{""bbox"":[315,345,542,479]}]"
2026-07-23T16:06:18.628Z,camera_0,,5750,9.9017,1,"[{""bbox"":[315,345,542,479]}]"
2026-07-23T16:06:23.149Z,camera_0,,5760,9.9017,1,"[{""bbox"":[315,345,542,479]}]"
2026-07-23T16:06:26.450Z,camera_0,,5770,9.9017,1,"[{""bbox"":[315,345,542,479]}]"
2026-07-23T16:07:49.695Z,camera_0,,6100,18.7695,1,"[{""bbox"":[0,105,155,477]}]"
2026-07-23T16:07:51.386Z,camera_0,,6105,18.7695,1,"[{""bbox"":[0,105,155,477]}]"
2026-07-23T16:07:53.067Z,camera_0,,6110,18.7695,1,"[{""bbox"":[0,105,155,477]}]"
2026-07-23T16:07:54.909Z,camera_0,,6120,19.8516,1,"[{""bbox"":[0,113,168,476]}]"
2026-07-23T16:07:57.208Z,camera_0,,6130,19.8516,1,"[{""bbox"":[0,113,168,476]}]"
2026-07-23T16:08:06.295Z,camera_0,,6140,88.6143,2,"[{""bbox"":[0,113,168,476]},{""bbox"":[36,0,477,479]}]"
2026-07-23T16:08:10.437Z,camera_0,,6150,70.3838,2,"[{""bbox"":[0,113,168,476]},{""bbox"":[76,84,469,479]}]"
2026-07-23T16:08:15.386Z,camera_0,,6160,43.7646,2,"[{""bbox"":[76,134,461,479]},{""bbox"":[42,459,123,479]}]"
2026-07-23T16:08:20.137Z,camera_0,,6170,36.1042,2,"[{""bbox"":[83,171,439,478]},{""bbox"":[42,459,123,479]}]"
2026-07-23T16:08:25.400Z,camera_0,,6180,31.6081,2,"[{""bbox"":[89,196,430,476]},{""bbox"":[42,459,123,479]}]"
2026-07-23T16:08:31.152Z,camera_0,,6190,29.2689,2,"[{""bbox"":[87,212,424,474]},{""bbox"":[42,459,123,479]}]"
2026-07-23T16:08:46.238Z,camera_0,,6210,25,1,"[{""bbox"":[90,234,410,474]}]"
2026-07-23T16:08:51.610Z,camera_0,,6220,25,1,"[{""bbox"":[90,234,410,474]}]"
2026-07-23T16:08:57.332Z,camera_0,,6230,23.1283,1,"[{""bbox"":[80,232,370,477]}]"
2026-07-23T16:09:02.361Z,camera_0,,6240,26.5049,1,"[{""bbox"":[105,228,432,477]}]"
2026-07-23T16:09:08.051Z,camera_0,,6250,26.4792,1,"[{""bbox"":[121,229,449,477]}]"
2026-07-23T16:09:14.939Z,camera_0,,6260,28.3021,1,"[{""bbox"":[131,230,483,477]}]"
2026-07-23T16:09:21.188Z,camera_0,,6270,20.8952,1,"[{""bbox"":[138,231,400,476]}]"
2026-07-23T16:09:23.739Z,camera_0,,6273,18.0977,1,"[{""bbox"":[142,231,368,477]}]"
2026-07-23T16:09:29.249Z,camera_0,,6280,22.6432,1,"[{""bbox"":[117,242,413,477]}]"
2026-07-23T16:09:34.304Z,camera_0,,6290,18.0534,1,"[{""bbox"":[113,242,349,477]}]"
2026-07-23T16:09:41.635Z,camera_0,,6300,20.5417,1,"[{""bbox"":[109,245,381,477]}]"
2026-07-23T16:09:47.173Z,camera_0,,6310,100,2,"[{""bbox"":[106,247,397,477]},{""bbox"":[10,1,623,478]}]"
2026-07-23T16:09:51.502Z,camera_0,,6320,100,2,"[{""bbox"":[102,247,468,477]},{""bbox"":[10,1,623,478]}]"
2026-07-23T16:09:55.681Z,camera_0,,6330,100,2,"[{""bbox"":[116,242,432,477]},{""bbox"":[10,1,623,478]}]"
2026-07-23T16:10:00.345Z,camera_0,,6340,100,3,"[{""bbox"":[119,237,428,477]},{""bbox"":[10,1,623,478]},{""bbox"":[128,431,178,457]}]"
2026-07-23T16:10:03.892Z,camera_0,,6350,24.1719,2,"[{""bbox"":[125,233,424,477]},{""bbox"":[128,431,178,457]}]"
2026-07-23T16:10:07.748Z,camera_0,,6360,20.4134,2,"[{""bbox"":[140,229,407,459]},{""bbox"":[128,431,178,457]}]"
2026-07-23T16:10:11.906Z,camera_0,,6370,21.2044,2,"[{""bbox"":[139,227,405,467]},{""bbox"":[128,431,178,457]}]"
2026-07-23T16:10:16.126Z,camera_0,,6380,23.6328,1,"[{""bbox"":[124,229,424,471]}]"
2026-07-23T16:10:20.612Z,camera_0,,6390,25.5755,1,"[{""bbox"":[104,230,426,474]}]"
2026-07-23T16:10:24.436Z,camera_0,,6400,26.263,2,"[{""bbox"":[105,232,426,476]},{""bbox"":[112,414,174,452]}]"
2026-07-23T16:10:28.312Z,camera_0,,6410,26.3424,2,"[{""bbox"":[106,233,428,477]},{""bbox"":[112,414,174,452]}]"
2026-07-23T16:10:33.422Z,camera_0,,6420,26.1836,2,"[{""bbox"":[107,233,427,477]},{""bbox"":[112,414,174,452]}]"
2026-07-23T16:10:36.924Z,camera_0,,6430,26.263,2,"[{""bbox"":[107,233,428,477]},{""bbox"":[112,414,174,452]}]"
2026-07-23T16:10:41.954Z,camera_0,,6440,25.0508,1,"[{""bbox"":[108,235,426,477]}]"
2026-07-23T16:10:46.846Z,camera_0,,6450,26.4219,1,"[{""bbox"":[116,210,420,477]}]"
2026-07-23T16:10:50.783Z,camera_0,,6460,26.0179,1,"[{""bbox"":[116,220,427,477]}]"
2026-07-23T16:10:55.069Z,camera_0,,6470,28.793,1,"[{""bbox"":[109,234,473,477]}]"
2026-07-23T16:10:58.957Z,camera_0,,6480,26.6162,1,"[{""bbox"":[114,240,459,477]}]"
2026-07-23T16:11:03.213Z,camera_0,,6490,26.2184,1,"[{""bbox"":[112,238,449,477]}]"
2026-07-23T16:11:07.964Z,camera_0,,6500,25.7598,1,"[{""bbox"":[116,235,443,477]}]"
2026-07-23T16:11:11.515Z,camera_0,,6510,25.5498,1,"[{""bbox"":[116,234,439,477]}]"
2026-07-23T16:11:16.191Z,camera_0,,6520,24.4043,1,"[{""bbox"":[121,239,436,477]}]"
2026-07-23T16:11:19.902Z,camera_0,,6530,24.9626,1,"[{""bbox"":[121,232,434,477]}]"
2026-07-23T16:11:24.578Z,camera_0,,6540,24.9453,1,"[{""bbox"":[122,229,431,477]}]"
2026-07-23T16:11:27.939Z,camera_0,,6550,25.3092,1,"[{""bbox"":[122,227,433,477]}]"
2026-07-23T16:11:32.497Z,camera_0,,6560,25.3906,1,"[{""bbox"":[121,227,433,477]}]"
2026-07-23T16:11:36.981Z,camera_0,,6570,25.8398,1,"[{""bbox"":[119,225,434,477]}]"
2026-07-23T16:11:40.806Z,camera_0,,6580,25.8398,1,"[{""bbox"":[119,225,434,477]}]"
2026-07-23T16:11:44.890Z,camera_0,,6590,25.5104,1,"[{""bbox"":[119,229,435,477]}]"
2026-07-23T16:11:49.368Z,camera_0,,6600,25.6488,1,"[{""bbox"":[120,230,439,477]}]"
2026-07-23T16:11:53.125Z,camera_0,,6610,27.9229,1,"[{""bbox"":[120,234,473,477]}]"
2026-07-23T16:11:56.976Z,camera_0,,6620,26.9186,1,"[{""bbox"":[120,238,466,477]}]"
2026-07-23T16:12:02.183Z,camera_0,,6630,26.4271,1,"[{""bbox"":[120,241,464,477]}]"
2026-07-23T16:12:06.236Z,camera_0,,6640,25.3652,1,"[{""bbox"":[120,243,453,477]}]"
2026-07-23T16:12:10.493Z,camera_0,,6650,24.6501,1,"[{""bbox"":[119,244,444,477]}]"
2026-07-23T16:12:14.959Z,camera_0,,6660,24.4688,1,"[{""bbox"":[119,245,443,477]}]"
2026-07-23T16:12:19.493Z,camera_0,,6670,24.0625,1,"[{""bbox"":[119,246,439,477]}]"
2026-07-23T16:12:23.694Z,camera_0,,6680,23.8369,1,"[{""bbox"":[118,246,435,477]}]"
2026-07-23T16:12:28.797Z,camera_0,,6690,24.2497,1,"[{""bbox"":[116,242,433,477]}]"
2026-07-23T16:12:31.264Z,camera_0,,6693,24.5068,1,"[{""bbox"":[116,238,431,477]}]"
2026-07-23T16:12:33.743Z,camera_0,,6700,24.2246,1,"[{""bbox"":[117,240,431,477]}]"
2026-07-23T16:12:38.285Z,camera_0,,6710,24.0967,1,"[{""bbox"":[116,242,431,477]}]"
2026-07-23T16:12:42.554Z,camera_0,,6720,24.1465,1,"[{""bbox"":[116,243,433,477]}]"
2026-07-23T16:12:45.800Z,camera_0,,6730,25.5469,1,"[{""bbox"":[120,237,447,477]}]"
2026-07-23T16:12:48.963Z,camera_0,,6740,25.1826,1,"[{""bbox"":[124,236,445,477]}]"
2026-07-23T16:12:52.116Z,camera_0,,6750,25.1826,1,"[{""bbox"":[125,236,446,477]}]"
2026-07-23T16:12:54.842Z,camera_0,,6760,25.4964,1,"[{""bbox"":[127,236,452,477]}]"
2026-07-23T16:12:58.006Z,camera_0,,6770,24.8688,1,"[{""bbox"":[129,236,446,477]}]"
2026-07-23T16:13:01.133Z,camera_0,,6780,100,2,"[{""bbox"":[145,236,418,477]},{""bbox"":[13,0,631,480]}]"
2026-07-23T16:13:03.990Z,camera_0,,6790,100,3,"[{""bbox"":[141,235,402,477]},{""bbox"":[13,0,631,480]},{""bbox"":[201,422,266,441]}]"
2026-07-23T16:13:06.994Z,camera_0,,6800,100,3,"[{""bbox"":[139,235,392,477]},{""bbox"":[13,0,631,480]},{""bbox"":[201,422,266,441]}]"
2026-07-23T16:13:09.549Z,camera_0,,6810,100,3,"[{""bbox"":[144,235,384,477]},{""bbox"":[13,0,631,480]},{""bbox"":[201,422,266,441]}]"
2026-07-23T16:13:12.814Z,camera_0,,6820,18.9176,2,"[{""bbox"":[143,237,380,477]},{""bbox"":[201,422,266,441]}]"
2026-07-23T16:13:15.857Z,camera_0,,6830,18.9066,1,"[{""bbox"":[137,236,378,477]}]"
2026-07-23T16:13:18.752Z,camera_0,,6840,20.3421,1,"[{""bbox"":[127,230,380,477]}]"
2026-07-23T16:13:21.958Z,camera_0,,6850,100,2,"[{""bbox"":[127,230,380,477]},{""bbox"":[12,23,604,479]}]"
2026-07-23T16:13:24.947Z,camera_0,,6860,100,2,"[{""bbox"":[127,230,380,477]},{""bbox"":[52,39,617,479]}]"
2026-07-23T16:13:28.449Z,camera_0,,6870,99.0501,2,"[{""bbox"":[127,230,380,477]},{""bbox"":[64,48,625,479]}]"
2026-07-23T16:13:31.569Z,camera_0,,6880,76.5586,1,"[{""bbox"":[74,56,630,479]}]"
2026-07-23T16:13:34.653Z,camera_0,,6890,75.5625,1,"[{""bbox"":[74,63,632,479]}]"
2026-07-23T16:13:37.845Z,camera_0,,6900,73.8516,1,"[{""bbox"":[79,68,631,479]}]"
2026-07-23T16:13:41.293Z,camera_0,,6910,74.2057,1,"[{""bbox"":[77,69,633,479]}]"
2026-07-23T16:13:45.583Z,camera_0,,6920,73.2653,1,"[{""bbox"":[82,72,635,479]}]"
2026-07-23T16:13:49.851Z,camera_0,,6930,72.6888,1,"[{""bbox"":[84,72,634,478]}]"
2026-07-23T16:13:53.992Z,camera_0,,6940,72.2461,1,"[{""bbox"":[84,73,632,478]}]"
2026-07-23T16:13:57.773Z,camera_0,,6950,72.4622,1,"[{""bbox"":[82,74,633,478]}]"
2026-07-23T16:14:01.380Z,camera_0,,6960,72.1035,1,"[{""bbox"":[82,76,633,478]}]"
2026-07-23T16:14:04.631Z,camera_0,,6970,71.9727,1,"[{""bbox"":[81,76,631,478]}]"
2026-07-23T16:14:07.910Z,camera_0,,6980,71.875,1,"[{""bbox"":[81,78,633,478]}]"
2026-07-23T16:14:11.414Z,camera_0,,6990,72.5452,1,"[{""bbox"":[77,75,630,478]}]"
2026-07-23T16:14:14.560Z,camera_0,,7000,70.4883,1,"[{""bbox"":[91,77,631,478]}]"
2026-07-23T16:14:17.776Z,camera_0,,7010,69.6491,1,"[{""bbox"":[103,72,630,478]}]"
2026-07-23T16:14:21.330Z,camera_0,,7020,70.7891,1,"[{""bbox"":[97,70,630,478]}]"
2026-07-23T16:14:25.140Z,camera_0,,7030,70.7891,1,"[{""bbox"":[97,70,630,478]}]"
2026-07-23T16:14:29.310Z,camera_0,,7040,69.7812,1,"[{""bbox"":[100,72,628,478]}]"
2026-07-23T16:14:33.489Z,camera_0,,7050,71.6064,1,"[{""bbox"":[107,59,632,478]}]"
2026-07-23T16:14:37.849Z,camera_0,,7060,72.3551,1,"[{""bbox"":[109,53,632,478]}]"
2026-07-23T16:14:43.194Z,camera_0,,7070,71.9818,1,"[{""bbox"":[109,56,633,478]}]"
2026-07-23T16:14:46.974Z,camera_0,,7080,71.7708,1,"[{""bbox"":[105,62,635,478]}]"
2026-07-23T16:14:51.408Z,camera_0,,7090,70.9844,1,"[{""bbox"":[108,65,636,478]}]"
2026-07-23T16:14:56.741Z,camera_0,,7100,72.5137,1,"[{""bbox"":[92,67,634,478]}]"
2026-07-23T16:15:00.938Z,camera_0,,7110,68.2227,1,"[{""bbox"":[124,58,623,478]}]"
2026-07-23T16:15:06.419Z,camera_0,,7120,74.8428,1,"[{""bbox"":[110,35,629,478]}]"
2026-07-23T16:15:11.612Z,camera_0,,7130,79.4395,1,"[{""bbox"":[99,21,633,478]}]"
2026-07-23T16:15:19.745Z,camera_0,,7140,83.3822,1,"[{""bbox"":[91,8,636,478]}]"
2026-07-23T16:15:25.894Z,camera_0,,7150,84.6842,1,"[{""bbox"":[87,5,637,478]}]"
2026-07-23T16:15:31.043Z,camera_0,,7160,85.9701,1,"[{""bbox"":[82,3,638,478]}]"
2026-07-23T16:15:37.173Z,camera_0,,7170,86.9531,1,"[{""bbox"":[78,1,638,478]}]"
2026-07-23T16:15:44.685Z,camera_0,,7180,90.5586,1,"[{""bbox"":[56,0,638,478]}]"
2026-07-23T16:15:51.426Z,camera_0,,7190,90.6797,1,"[{""bbox"":[54,1,638,478]}]"
2026-07-23T16:15:57.899Z,camera_0,,7200,90.5244,1,"[{""bbox"":[55,1,638,478]}]"
2026-07-23T16:16:03.349Z,camera_0,,7210,90.0586,1,"[{""bbox"":[58,1,638,478]}]"
2026-07-23T16:16:08.803Z,camera_0,,7220,88.9717,1,"[{""bbox"":[65,1,638,478]}]"
2026-07-23T16:16:14.695Z,camera_0,,7230,88.3506,1,"[{""bbox"":[69,1,638,478]}]"
2026-07-23T16:16:16.862Z,camera_0,,7235,89.5928,1,"[{""bbox"":[61,1,638,478]}]"
2026-07-23T16:16:19.649Z,camera_0,,7240,88.6611,1,"[{""bbox"":[67,1,638,478]}]"
2026-07-23T16:16:25.683Z,camera_0,,7250,88.1654,1,"[{""bbox"":[69,1,638,477]}]"
2026-07-23T16:16:30.892Z,camera_0,,7260,87.7005,1,"[{""bbox"":[72,1,638,477]}]"
2026-07-23T16:16:36.083Z,camera_0,,7270,88.7852,1,"[{""bbox"":[64,1,637,477]}]"
2026-07-23T16:16:39.610Z,camera_0,,7280,90.4896,1,"[{""bbox"":[54,1,638,477]}]"
2026-07-23T16:16:46.066Z,camera_0,,7290,90.3346,1,"[{""bbox"":[55,1,638,477]}]"
2026-07-23T16:16:51.879Z,camera_0,,7300,90.1797,1,"[{""bbox"":[56,1,638,477]}]"
2026-07-23T16:16:56.176Z,camera_0,,7310,90.4541,1,"[{""bbox"":[53,2,638,477]}]"
2026-07-23T16:17:01.639Z,camera_0,,7320,90.2995,1,"[{""bbox"":[54,2,638,477]}]"
2026-07-23T16:17:05.837Z,camera_0,,7330,91.0726,1,"[{""bbox"":[47,2,636,477]}]"
2026-07-23T16:17:11.625Z,camera_0,,7340,92.6589,1,"[{""bbox"":[39,1,637,477]}]"
2026-07-23T16:17:16.102Z,camera_0,,7350,93.7435,1,"[{""bbox"":[33,1,638,477]}]"
2026-07-23T16:17:20.899Z,camera_0,,7360,95.6029,1,"[{""bbox"":[21,1,638,477]}]"
2026-07-23T16:17:25.231Z,camera_0,,7370,93.8984,1,"[{""bbox"":[32,1,638,477]}]"
2026-07-23T16:17:29.646Z,camera_0,,7380,91.2643,1,"[{""bbox"":[49,1,638,477]}]"
2026-07-23T16:17:33.914Z,camera_0,,7390,90.3346,1,"[{""bbox"":[55,1,638,477]}]"
2026-07-23T16:17:38.051Z,camera_0,,7400,89.7148,1,"[{""bbox"":[59,1,638,477]}]"
2026-07-23T16:17:42.334Z,camera_0,,7410,89.7148,1,"[{""bbox"":[59,1,638,477]}]"
2026-07-23T16:17:46.421Z,camera_0,,7420,90.1797,1,"[{""bbox"":[55,1,637,477]}]"
2026-07-23T16:17:49.525Z,camera_0,,7430,90.2139,1,"[{""bbox"":[56,1,637,478]}]"
2026-07-23T16:17:53.879Z,camera_0,,7440,90.6445,1,"[{""bbox"":[52,1,637,477]}]"
2026-07-23T16:17:58.088Z,camera_0,,7450,90.5244,1,"[{""bbox"":[54,1,637,478]}]"
2026-07-23T16:18:02.127Z,camera_0,,7460,90.835,1,"[{""bbox"":[52,1,637,478]}]"
2026-07-23T16:26:00.484Z,camera_0,,10,67.168,1,"[{""bbox"":[21,117,591,479]}]"
2026-07-23T16:26:01.816Z,camera_0,,20,68.3685,1,"[{""bbox"":[12,115,589,479]}]"
2026-07-23T16:26:05.628Z,camera_0,,30,65.7617,1,"[{""bbox"":[27,115,582,479]}]"
2026-07-23T16:26:10.295Z,camera_0,,40,67.708,1,"[{""bbox"":[19,116,592,479]}]"
2026-07-23T16:26:15.867Z,camera_0,,50,68.417,1,"[{""bbox"":[19,116,598,479]}]"
2026-07-23T16:26:20.168Z,camera_0,,60,68.3203,1,"[{""bbox"":[12,119,595,479]}]"
2026-07-23T16:26:24.490Z,camera_0,,70,69.8633,1,"[{""bbox"":[11,114,599,479]}]"
2026-07-23T16:26:29.268Z,camera_0,,80,66.0645,1,"[{""bbox"":[43,110,593,479]}]"
2026-07-23T16:26:34.315Z,camera_0,,90,68.291,1,"[{""bbox"":[36,109,603,479]}]"
2026-07-23T16:26:38.468Z,camera_0,,100,74.9567,1,"[{""bbox"":[24,70,587,479]}]"
2026-07-23T16:26:43.206Z,camera_0,,110,74.9036,1,"[{""bbox"":[14,87,601,479]}]"
2026-07-23T16:26:48.202Z,camera_0,,120,70.8151,1,"[{""bbox"":[21,95,589,478]}]"
2026-07-23T16:26:53.511Z,camera_0,,130,71.9261,1,"[{""bbox"":[15,99,598,478]}]"
2026-07-23T16:26:57.834Z,camera_0,,140,72.7207,1,"[{""bbox"":[9,100,600,478]}]"
2026-07-23T16:27:02.419Z,camera_0,,150,72.6816,1,"[{""bbox"":[5,104,602,478]}]"
2026-07-23T16:27:05.816Z,camera_0,,160,71.7839,1,"[{""bbox"":[9,108,605,478]}]"
2026-07-23T16:27:09.232Z,camera_0,,170,71.1094,1,"[{""bbox"":[13,109,605,478]}]"
2026-07-23T16:27:12.809Z,camera_0,,180,70.724,1,"[{""bbox"":[9,111,601,478]}]"
2026-07-23T16:27:16.262Z,camera_0,,190,70.9753,1,"[{""bbox"":[6,114,605,478]}]"
2026-07-23T16:27:21.669Z,camera_0,,200,70.9388,1,"[{""bbox"":[3,116,605,478]}]"
2026-07-23T16:27:27.786Z,camera_0,,210,70.9388,1,"[{""bbox"":[3,116,605,478]}]"
2026-07-23T16:27:33.345Z,camera_0,,220,41.2822,1,"[{""bbox"":[65,247,614,478]}]"
2026-07-23T16:27:39.498Z,camera_0,,230,41.2822,1,"[{""bbox"":[65,247,614,478]}]"
2026-07-23T16:27:45.158Z,camera_0,,240,42.2464,1,"[{""bbox"":[39,245,596,478]}]"
2026-07-23T16:27:51.504Z,camera_0,,250,42.7324,1,"[{""bbox"":[23,244,584,478]}]"
2026-07-23T16:27:56.271Z,camera_0,,260,46.2292,2,"[{""bbox"":[14,242,570,478]},{""bbox"":[434,425,634,479]}]"
2026-07-23T16:28:01.408Z,camera_0,,270,45.6387,2,"[{""bbox"":[8,244,561,478]},{""bbox"":[434,425,634,479]}]"
2026-07-23T16:28:07.001Z,camera_0,,280,44.5723,2,"[{""bbox"":[5,247,551,478]},{""bbox"":[434,425,634,479]}]"
2026-07-23T16:28:13.309Z,camera_0,,290,46.0195,2,"[{""bbox"":[3,244,561,478]},{""bbox"":[434,425,634,479]}]"
2026-07-23T16:28:19.056Z,camera_0,,300,41.1846,1,"[{""bbox"":[2,245,545,478]}]"
2026-07-23T16:28:25.229Z,camera_0,,310,42.7904,1,"[{""bbox"":[1,242,558,478]}]"
2026-07-23T16:28:31.869Z,camera_0,,320,42.3031,1,"[{""bbox"":[1,243,554,478]}]"
2026-07-23T16:28:37.267Z,camera_0,,330,42.5938,1,"[{""bbox"":[1,246,565,478]}]"
2026-07-23T16:28:44.435Z,camera_0,,340,42.5938,1,"[{""bbox"":[1,246,565,478]}]"
2026-07-23T16:28:49.941Z,camera_0,,350,41.5527,1,"[{""bbox"":[1,248,556,478]}]"
2026-07-23T16:28:57.598Z,camera_0,,360,38.998,1,"[{""bbox"":[49,232,536,478]}]"
2026-07-23T16:29:00.192Z,camera_0,,370,41.2161,1,"[{""bbox"":[29,240,561,478]}]"
2026-07-23T16:29:02.393Z,camera_0,,380,41.2161,1,"[{""bbox"":[29,240,561,478]}]"
2026-07-23T16:29:05.953Z,camera_0,,390,41.2161,1,"[{""bbox"":[29,240,561,478]}]"
2026-07-23T16:29:08.450Z,camera_0,,400,41.2161,1,"[{""bbox"":[29,240,561,478]}]"
2026-07-23T16:29:17.679Z,camera_0,,420,37.4958,1,"[{""bbox"":[1,250,504,479]}]"
2026-07-23T16:29:19.725Z,camera_0,,430,37.4958,1,"[{""bbox"":[1,250,504,479]}]"
2026-07-23T16:29:21.694Z,camera_0,,440,37.4958,1,"[{""bbox"":[1,250,504,479]}]"
2026-07-23T16:29:25.050Z,camera_0,,450,37.4958,1,"[{""bbox"":[1,250,504,479]}]"
2026-07-23T16:29:30.538Z,camera_0,,460,44.4844,1,"[{""bbox"":[1,245,585,479]}]"
2026-07-23T16:29:32.277Z,camera_0,,470,34.9355,1,"[{""bbox"":[20,293,597,479]}]"
2026-07-23T16:29:33.789Z,camera_0,,480,39.5638,1,"[{""bbox"":[12,273,602,479]}]"
2026-07-23T16:29:37.418Z,camera_0,,490,41.7471,1,"[{""bbox"":[7,262,598,479]}]"
2026-07-23T16:29:40.219Z,camera_0,,500,43.6523,1,"[{""bbox"":[4,254,600,479]}]"
2026-07-23T16:29:43.338Z,camera_0,,510,44.6797,1,"[{""bbox"":[2,250,604,478]}]"
2026-07-23T16:29:46.564Z,camera_0,,520,41.0423,1,"[{""bbox"":[1,236,522,478]}]"
2026-07-23T16:29:52.415Z,camera_0,,530,45.2962,1,"[{""bbox"":[0,225,550,478]}]"
2026-07-23T16:29:56.394Z,camera_0,,540,42.917,1,"[{""bbox"":[0,221,513,478]}]"
2026-07-23T16:29:59.340Z,camera_0,,550,42.917,1,"[{""bbox"":[0,221,513,478]}]"
2026-07-23T16:30:08.527Z,camera_0,,560,42.5492,1,"[{""bbox"":[0,215,497,478]}]"
2026-07-23T16:30:18.895Z,camera_0,,570,42.5492,1,"[{""bbox"":[0,215,497,478]}]"
2026-07-23T16:30:27.311Z,camera_0,,580,43.0628,1,"[{""bbox"":[0,215,503,478]}]"
2026-07-23T16:30:36.270Z,camera_0,,590,40.7513,1,"[{""bbox"":[0,215,476,478]}]"
2026-07-23T16:30:43.467Z,camera_0,,600,40.7513,1,"[{""bbox"":[0,215,476,478]}]"
2026-07-23T16:30:52.846Z,camera_0,,610,44.6895,1,"[{""bbox"":[0,215,522,478]}]"
2026-07-23T16:31:01.568Z,camera_0,,620,44.6895,1,"[{""bbox"":[0,215,522,478]}]"
2026-07-23T16:31:12.980Z,camera_0,,630,39.5,1,"[{""bbox"":[82,222,556,478]}]"
2026-07-23T16:31:21.697Z,camera_0,,640,52.778,1,"[{""bbox"":[50,165,568,478]}]"
2026-07-23T16:31:33.248Z,camera_0,,650,69.5996,2,"[{""bbox"":[104,237,572,478]},{""bbox"":[0,140,298,479]}]"
2026-07-23T16:31:41.993Z,camera_0,,660,71.8151,3,"[{""bbox"":[104,237,572,478]},{""bbox"":[0,140,298,479]},{""bbox"":[451,349,534,431]}]"
2026-07-23T16:31:51.403Z,camera_0,,670,62.9287,3,"[{""bbox"":[140,277,589,478]},{""bbox"":[0,143,286,479]},{""bbox"":[450,348,534,431]}]"
2026-07-23T16:31:58.206Z,camera_0,,680,62.9287,3,"[{""bbox"":[140,277,589,478]},{""bbox"":[0,143,286,479]},{""bbox"":[450,348,534,431]}]"
2026-07-23T16:32:07.339Z,camera_0,,690,65.2432,3,"[{""bbox"":[140,277,589,478]},{""bbox"":[0,145,309,479]},{""bbox"":[450,348,534,431]}]"
2026-07-23T16:32:13.418Z,camera_0,,700,59.9473,3,"[{""bbox"":[159,298,570,478]},{""bbox"":[0,145,309,479]},{""bbox"":[450,348,534,431]}]"
2026-07-23T16:32:19.031Z,camera_0,,710,57.6777,2,"[{""bbox"":[159,298,570,478]},{""bbox"":[0,145,309,479]}]"
2026-07-23T16:32:26.422Z,camera_0,,720,57.5299,2,"[{""bbox"":[159,298,570,478]},{""bbox"":[0,141,304,479]}]"
2026-07-23T16:32:33.097Z,camera_0,,730,54.2292,2,"[{""bbox"":[172,310,552,478]},{""bbox"":[0,141,304,479]}]"
2026-07-23T16:32:39.696Z,camera_0,,740,52.8229,2,"[{""bbox"":[180,318,552,478]},{""bbox"":[0,141,304,479]}]"
2026-07-23T16:32:46.339Z,camera_0,,750,56.0977,3,"[{""bbox"":[168,311,572,478]},{""bbox"":[0,141,304,479]},{""bbox"":[374,281,418,329]}]"
2026-07-23T16:32:53.509Z,camera_0,,760,25.2972,2,"[{""bbox"":[163,305,600,478]},{""bbox"":[374,281,418,329]}]"
2026-07-23T16:33:00.703Z,camera_0,,770,25.2972,2,"[{""bbox"":[163,305,600,478]},{""bbox"":[374,281,418,329]}]"
2026-07-23T16:33:08.178Z,camera_0,,780,25.3376,2,"[{""bbox"":[163,305,600,478]},{""bbox"":[374,283,417,335]}]"
2026-07-23T16:33:14.222Z,camera_0,,790,25.3376,2,"[{""bbox"":[163,305,600,478]},{""bbox"":[374,283,417,335]}]"
2026-07-23T16:33:20.361Z,camera_0,,800,0.7279,1,"[{""bbox"":[370,283,413,335]}]"
2026-07-23T16:33:24.516Z,camera_0,,810,0.7279,1,"[{""bbox"":[370,283,413,335]}]"
2026-07-23T16:33:30.752Z,camera_0,,820,24.2874,2,"[{""bbox"":[370,283,413,335]},{""bbox"":[171,286,546,479]}]"
2026-07-23T16:33:33.510Z,camera_0,,830,27.7565,2,"[{""bbox"":[370,283,413,335]},{""bbox"":[118,285,546,479]}]"
2026-07-23T16:33:37.640Z,camera_0,,840,27.3281,1,"[{""bbox"":[121,281,545,479]}]"
2026-07-23T16:33:47.630Z,camera_0,,850,25.2018,1,"[{""bbox"":[152,283,547,479]}]"
2026-07-23T16:33:55.131Z,camera_0,,860,28.25,1,"[{""bbox"":[96,287,548,479]}]"
2026-07-23T16:34:02.871Z,camera_0,,870,26.9215,1,"[{""bbox"":[115,288,548,479]}]"
2026-07-23T16:34:10.927Z,camera_0,,880,31.5205,1,"[{""bbox"":[69,276,546,479]}]"
2026-07-23T16:34:19.147Z,camera_0,,890,34.5898,1,"[{""bbox"":[41,269,547,479]}]"
2026-07-23T16:34:28.688Z,camera_0,,900,34.5898,1,"[{""bbox"":[41,269,547,479]}]"
2026-07-23T16:34:36.938Z,camera_0,,910,33.569,1,"[{""bbox"":[53,276,561,479]}]"
2026-07-23T16:34:41.106Z,camera_0,,920,30.7546,1,"[{""bbox"":[79,285,566,479]}]"
2026-07-23T16:34:45.884Z,camera_0,,930,28.5,1,"[{""bbox"":[109,287,565,479]}]"
2026-07-23T16:34:50.886Z,camera_0,,940,26.9023,1,"[{""bbox"":[141,285,567,479]}]"
2026-07-23T16:34:55.367Z,camera_0,,950,27.8516,1,"[{""bbox"":[109,293,569,479]}]"
2026-07-23T16:34:59.661Z,camera_0,,960,29.2676,1,"[{""bbox"":[77,294,563,479]}]"
2026-07-23T16:35:04.357Z,camera_0,,970,29.2676,1,"[{""bbox"":[77,294,563,479]}]"
2026-07-23T16:35:07.745Z,camera_0,,980,27.6774,1,"[{""bbox"":[91,300,566,479]}]"
2026-07-23T16:35:11.039Z,camera_0,,990,27.6774,1,"[{""bbox"":[91,300,566,479]}]"
2026-07-23T16:35:14.413Z,camera_0,,1000,26.5404,1,"[{""bbox"":[127,292,563,479]}]"
2026-07-23T16:35:17.610Z,camera_0,,1010,25.2747,1,"[{""bbox"":[145,291,558,479]}]"
2026-07-23T16:35:21.190Z,camera_0,,1020,24.6533,1,"[{""bbox"":[149,292,554,479]}]"
2026-07-23T16:35:24.641Z,camera_0,,1030,23.9326,1,"[{""bbox"":[164,290,553,479]}]"
2026-07-23T16:35:27.963Z,camera_0,,1040,27.3584,1,"[{""bbox"":[120,284,551,479]}]"
2026-07-23T16:35:31.480Z,camera_0,,1050,25.7656,1,"[{""bbox"":[143,285,551,479]}]"
2026-07-23T16:35:34.630Z,camera_0,,1060,25.1973,1,"[{""bbox"":[152,285,551,479]}]"
2026-07-23T16:35:37.892Z,camera_0,,1070,25.1973,1,"[{""bbox"":[148,285,547,479]}]"
2026-07-23T16:35:41.400Z,camera_0,,1080,28.5625,1,"[{""bbox"":[89,287,546,479]}]"
2026-07-23T16:35:44.922Z,camera_0,,1090,30.375,1,"[{""bbox"":[53,287,539,479]}]"
2026-07-23T16:35:48.111Z,camera_0,,1100,25.9004,1,"[{""bbox"":[102,301,549,479]}]"
2026-07-23T16:35:51.452Z,camera_0,,1110,25.9004,1,"[{""bbox"":[102,301,549,479]}]"
2026-07-23T16:35:55.066Z,camera_0,,1120,42.4115,1,"[{""bbox"":[61,207,540,479]}]"
2026-07-23T16:35:58.589Z,camera_0,,1130,55.7813,1,"[{""bbox"":[21,143,531,479]}]"
2026-07-23T16:36:02.107Z,camera_0,,1140,66.2292,1,"[{""bbox"":[7,105,551,479]}]"
2026-07-23T16:36:05.736Z,camera_0,,1150,66.7848,1,"[{""bbox"":[2,108,555,479]}]"
2026-07-23T16:36:09.285Z,camera_0,,1160,75.0023,2,"[{""bbox"":[1,110,548,479]},{""bbox"":[491,194,639,387]}]"
2026-07-23T16:36:12.593Z,camera_0,,1170,64.8861,2,"[{""bbox"":[0,121,477,479]},{""bbox"":[491,194,639,387]}]"
2026-07-23T16:36:15.982Z,camera_0,,1180,53.3646,2,"[{""bbox"":[0,130,389,478]},{""bbox"":[491,194,639,387]}]"
2026-07-23T16:36:19.410Z,camera_0,,1190,46.1536,2,"[{""bbox"":[0,137,333,477]},{""bbox"":[491,194,639,387]}]"
2026-07-23T16:36:23.053Z,camera_0,,1200,45.8203,3,"[{""bbox"":[0,137,333,477]},{""bbox"":[437,347,624,479]},{""bbox"":[195,423,246,479]}]"
2026-07-23T16:36:26.968Z,camera_0,,1210,39.8333,3,"[{""bbox"":[0,163,302,477]},{""bbox"":[437,347,624,479]},{""bbox"":[195,423,246,479]}]"
2026-07-23T16:36:30.968Z,camera_0,,1220,36.1367,3,"[{""bbox"":[0,181,282,477]},{""bbox"":[437,347,624,479]},{""bbox"":[195,423,246,479]}]"
2026-07-23T16:36:34.804Z,camera_0,,1230,36.1367,3,"[{""bbox"":[0,181,282,477]},{""bbox"":[437,347,624,479]},{""bbox"":[195,423,246,479]}]"
2026-07-23T16:36:38.461Z,camera_0,,1240,27.1719,1,"[{""bbox"":[0,181,282,477]}]"
2026-07-23T16:36:42.165Z,camera_0,,1250,25.0436,1,"[{""bbox"":[0,191,269,477]}]"
2026-07-23T16:36:45.653Z,camera_0,,1260,24.9818,1,"[{""bbox"":[0,115,212,477]}]"
2026-07-23T16:36:49.160Z,camera_0,,1270,20.918,1,"[{""bbox"":[0,99,170,477]}]"
2026-07-23T16:36:53.016Z,camera_0,,1280,18.2812,1,"[{""bbox"":[0,87,144,477]}]"
2026-07-23T16:36:56.234Z,camera_0,,1290,17.3438,1,"[{""bbox"":[0,107,144,477]}]"
2026-07-23T16:37:01.632Z,camera_0,,1300,22.5273,1,"[{""bbox"":[0,38,158,476]}]"
2026-07-23T16:37:05.899Z,camera_0,,1310,48.8496,2,"[{""bbox"":[0,37,154,476]},{""bbox"":[17,346,637,479]}]"
2026-07-23T16:42:55.645Z,camera_0,,1320,48.8496,2,"[{""bbox"":[0,37,154,476]},{""bbox"":[17,346,637,479]}]"
2026-07-23T16:42:59.951Z,camera_0,,1330,100,3,"[{""bbox"":[0,37,154,476]},{""bbox"":[17,346,637,479]},{""bbox"":[242,7,637,474]}]"
2026-07-23T16:43:19.221Z,camera_0,,1340,94.5622,3,"[{""bbox"":[0,37,154,476]},{""bbox"":[17,346,637,479]},{""bbox"":[247,88,608,477]}]"
2026-07-23T16:43:31.919Z,camera_0,,1350,43.735,1,"[{""bbox"":[234,83,575,477]}]"
2026-07-23T16:43:39.798Z,camera_0,,1360,46.8877,1,"[{""bbox"":[224,78,585,477]}]"
2026-07-23T16:43:54.503Z,camera_0,,1380,59.3467,1,"[{""bbox"":[183,54,614,477]}]"
2026-07-23T16:43:57.610Z,camera_0,,1390,57.2344,1,"[{""bbox"":[199,19,606,451]}]"
2026-07-23T16:54:23.785Z,camera_0,,3,52.0846,1,"[{""bbox"":[169,117,611,479]}]"
2026-07-23T16:54:24.442Z,camera_0,,6,45.4775,1,"[{""bbox"":[181,117,568,478]}]"
2026-07-23T16:54:25.127Z,camera_0,,9,45.4775,1,"[{""bbox"":[175,117,562,478]}]"
2026-07-23T16:54:27.471Z,camera_0,,20,49.3158,1,"[{""bbox"":[178,119,600,478]}]"
2026-07-23T16:54:31.563Z,camera_0,,30,51.5977,1,"[{""bbox"":[171,121,615,478]}]"
2026-07-23T16:54:35.759Z,camera_0,,40,52.5133,1,"[{""bbox"":[167,125,624,478]}]"
2026-07-23T16:54:40.124Z,camera_0,,50,52.7871,1,"[{""bbox"":[165,127,627,478]}]"
2026-07-23T16:54:45.749Z,camera_0,,60,52.7135,1,"[{""bbox"":[167,129,631,478]}]"
2026-07-23T16:54:52.884Z,camera_0,,65,52.7135,1,"[{""bbox"":[167,129,631,478]}]"
2026-07-23T16:54:57.847Z,camera_0,,70,53.3203,1,"[{""bbox"":[165,128,633,478]}]"
2026-07-23T16:55:05.916Z,camera_0,,75,53.3203,1,"[{""bbox"":[165,128,633,478]}]"
2026-07-23T16:55:10.952Z,camera_0,,80,53.582,1,"[{""bbox"":[162,130,635,478]}]"
2026-07-23T16:55:26.281Z,camera_0,,90,52.4857,1,"[{""bbox"":[169,132,635,478]}]"
2026-07-23T16:55:37.820Z,camera_0,,100,52.5244,1,"[{""bbox"":[170,131,635,478]}]"
2026-07-23T16:55:44.748Z,camera_0,,105,52.5244,1,"[{""bbox"":[170,131,635,478]}]"
2026-07-23T16:55:49.076Z,camera_0,,110,44.1523,1,"[{""bbox"":[280,97,636,478]}]"
2026-07-23T16:55:57.572Z,camera_0,,115,44.1523,1,"[{""bbox"":[280,97,636,478]}]"
2026-07-23T16:56:03.997Z,camera_0,,120,58.4635,1,"[{""bbox"":[164,78,613,478]}]"
2026-07-23T16:56:09.796Z,camera_0,,130,51.8698,1,"[{""bbox"":[190,110,623,478]}]"
2026-07-23T16:56:11.773Z,camera_0,,140,47.918,1,"[{""bbox"":[206,130,629,478]}]"
2026-07-23T16:56:14.267Z,camera_0,,150,50.3164,2,"[{""bbox"":[215,142,633,478]},{""bbox"":[0,6,132,113]}]"
2026-07-23T16:56:19.377Z,camera_0,,160,48.9076,2,"[{""bbox"":[220,150,635,478]},{""bbox"":[0,6,132,113]}]"
2026-07-23T16:56:24.340Z,camera_0,,170,47.9453,2,"[{""bbox"":[225,154,636,478]},{""bbox"":[0,6,132,113]}]"
2026-07-23T16:56:29.633Z,camera_0,,180,65.0046,2,"[{""bbox"":[138,93,620,478]},{""bbox"":[0,6,132,113]}]"
2026-07-23T16:56:37.697Z,camera_0,,190,52.5273,1,"[{""bbox"":[175,121,627,478]}]"
2026-07-23T16:56:39.542Z,camera_0,,200,48.1751,1,"[{""bbox"":[197,137,631,478]}]"
2026-07-23T16:56:41.503Z,camera_0,,210,45.5771,1,"[{""bbox"":[211,147,634,478]}]"
2026-07-23T16:56:47.374Z,camera_0,,220,44.0104,1,"[{""bbox"":[219,153,635,478]}]"
2026-07-23T16:56:51.807Z,camera_0,,230,43.2897,1,"[{""bbox"":[223,156,636,478]}]"
2026-07-23T16:56:59.233Z,camera_0,,240,61,1,"[{""bbox"":[137,94,625,478]}]"
2026-07-23T16:57:03.984Z,camera_0,,250,53.1084,1,"[{""bbox"":[173,121,630,478]}]"
2026-07-23T16:57:06.354Z,camera_0,,260,48.5081,1,"[{""bbox"":[196,137,633,478]}]"
2026-07-23T16:57:10.677Z,camera_0,,270,45.7926,1,"[{""bbox"":[210,147,635,478]}]"
2026-07-23T16:57:19.478Z,camera_0,,280,65.7467,2,"[{""bbox"":[133,91,618,478]},{""bbox"":[0,7,131,116]}]"
2026-07-23T16:57:29.017Z,camera_0,,290,57.3226,2,"[{""bbox"":[172,121,626,478]},{""bbox"":[0,7,131,114]}]"
2026-07-23T16:57:37.812Z,camera_0,,300,52.7074,2,"[{""bbox"":[196,138,631,478]},{""bbox"":[0,7,131,114]}]"
2026-07-23T16:57:47.276Z,camera_0,,310,50.0023,2,"[{""bbox"":[210,148,633,478]},{""bbox"":[0,7,131,114]}]"
2026-07-23T16:57:53.702Z,camera_0,,315,65.5036,2,"[{""bbox"":[133,92,618,478]},{""bbox"":[0,7,131,114]}]"
2026-07-23T16:57:57.994Z,camera_0,,320,71.5687,2,"[{""bbox"":[106,72,613,478]},{""bbox"":[0,7,131,114]}]"
2026-07-23T16:58:06.527Z,camera_0,,330,69.0208,2,"[{""bbox"":[113,78,605,478]},{""bbox"":[0,4,136,116]}]"
2026-07-23T16:58:11.534Z,camera_0,,340,73.7259,2,"[{""bbox"":[98,67,612,478]},{""bbox"":[0,4,136,116]}]"
2026-07-23T16:58:16.450Z,camera_0,,350,61.8724,2,"[{""bbox"":[152,106,622,478]},{""bbox"":[0,4,136,116]}]"
2026-07-23T16:58:21.995Z,camera_0,,360,50.3278,1,"[{""bbox"":[185,129,628,478]}]"
2026-07-23T16:58:31.192Z,camera_0,,370,53.0521,1,"[{""bbox"":[165,126,628,478]}]"
2026-07-23T16:58:40.433Z,camera_0,,380,55.082,1,"[{""bbox"":[150,124,628,478]}]"
2026-07-23T16:58:47.845Z,camera_0,,390,55.6159,1,"[{""bbox"":[144,125,628,478]}]"
2026-07-23T16:58:55.570Z,camera_0,,400,56.0755,1,"[{""bbox"":[140,125,628,478]}]"
2026-07-23T16:59:01.214Z,camera_0,,410,56.0755,1,"[{""bbox"":[140,125,628,478]}]"
2026-07-23T16:59:06.042Z,camera_0,,420,61.4004,1,"[{""bbox"":[133,100,632,478]}]"
2026-07-23T16:59:11.664Z,camera_0,,430,70.0749,1,"[{""bbox"":[117,60,632,478]}]"
2026-07-23T16:59:18.067Z,camera_0,,440,74.0983,1,"[{""bbox"":[119,36,634,478]}]"
2026-07-23T16:59:24.536Z,camera_0,,450,76.613,1,"[{""bbox"":[121,21,636,478]}]"
2026-07-23T16:59:31.480Z,camera_0,,460,80.5273,1,"[{""bbox"":[104,12,636,477]}]"
2026-07-23T16:59:37.762Z,camera_0,,470,80.0163,1,"[{""bbox"":[114,7,637,477]}]"
2026-07-23T16:59:44.436Z,camera_0,,480,80.0651,1,"[{""bbox"":[118,4,638,477]}]"
2026-07-23T16:59:50.670Z,camera_0,,490,81.3314,1,"[{""bbox"":[112,2,638,477]}]"
2026-07-23T16:59:56.127Z,camera_0,,500,78.5482,1,"[{""bbox"":[130,1,638,476]}]"
2026-07-23T17:00:02.491Z,camera_0,,510,77.9473,1,"[{""bbox"":[136,0,638,477]}]"
2026-07-23T17:00:07.886Z,camera_0,,520,77.792,1,"[{""bbox"":[137,0,638,477]}]"
2026-07-23T17:00:15.607Z,camera_0,,530,75.7695,1,"[{""bbox"":[141,0,630,476]}]"
2026-07-23T17:00:21.523Z,camera_0,,540,75.4596,1,"[{""bbox"":[146,0,633,476]}]"
2026-07-23T17:00:26.223Z,camera_0,,550,76.7051,1,"[{""bbox"":[141,0,635,477]}]"
2026-07-23T17:00:31.110Z,camera_0,,560,69.8965,1,"[{""bbox"":[163,24,637,477]}]"
2026-07-23T17:00:36.783Z,camera_0,,570,67.2194,1,"[{""bbox"":[190,14,636,477]}]"
2026-07-23T17:00:42.488Z,camera_0,,580,68.5485,1,"[{""bbox"":[188,8,637,477]}]"
2026-07-23T17:00:46.487Z,camera_0,,590,68.3724,1,"[{""bbox"":[192,4,637,476]}]"
2026-07-23T17:00:51.986Z,camera_0,,600,67.7363,1,"[{""bbox"":[198,2,637,476]}]"
2026-07-23T17:00:59.894Z,camera_0,,610,64.3034,1,"[{""bbox"":[222,1,637,477]}]"
2026-07-23T17:01:01.838Z,camera_0,,620,50.3021,1,"[{""bbox"":[285,0,637,439]}]"
2026-07-23T17:01:07.238Z,camera_0,,630,62.957,1,"[{""bbox"":[211,0,637,454]}]"
2026-07-23T17:01:11.276Z,camera_0,,640,67.973,1,"[{""bbox"":[186,0,637,463]}]"
2026-07-23T17:01:15.016Z,camera_0,,650,72.668,1,"[{""bbox"":[160,0,637,468]}]"
2026-07-23T17:01:21.415Z,camera_0,,660,75.5869,1,"[{""bbox"":[144,0,637,471]}]"
2026-07-23T17:01:28.757Z,camera_0,,670,76.5312,1,"[{""bbox"":[141,0,637,474]}]"
2026-07-23T17:01:36.943Z,camera_0,,680,77.7751,1,"[{""bbox"":[134,0,637,475]}]"
2026-07-23T17:01:44.650Z,camera_0,,690,100,2,"[{""bbox"":[135,0,637,476]},{""bbox"":[462,0,639,395]}]"
2026-07-23T17:01:52.380Z,camera_0,,700,99.8519,2,"[{""bbox"":[136,0,637,477]},{""bbox"":[467,0,639,394]}]"
2026-07-23T17:02:00.549Z,camera_0,,710,99.8519,2,"[{""bbox"":[136,0,637,477]},{""bbox"":[467,0,639,394]}]"
2026-07-23T17:02:09.893Z,camera_0,,720,92.0257,2,"[{""bbox"":[90,32,573,477]},{""bbox"":[467,0,639,394]}]"
2026-07-23T17:02:18.177Z,camera_0,,730,82.8047,2,"[{""bbox"":[114,49,550,477]},{""bbox"":[467,0,639,394]}]"
2026-07-23T17:02:28.016Z,camera_0,,740,61.6436,1,"[{""bbox"":[69,80,546,477]}]"
2026-07-23T17:02:41.209Z,camera_0,,750,60.7236,1,"[{""bbox"":[114,54,555,477]}]"
